valuedatetime,Month,datavalue,variable,units,sitecode,sitename,site-variable,year
7/19/2000 9:00,,0.016,"Phosphorus, Orthophosphate As P",mg/l,GRBCML,GREAT BAY ESTUARY - COASTAL MARINE LABORATORY,"GRBCML - Phosphorus, Orthophosphate As P - mg/l",2000
7/19/2000 10:00,,0.012,"Phosphorus, Orthophosphate As P",mg/l,GRBCML,GREAT BAY ESTUARY - COASTAL MARINE LABORATORY,"GRBCML - Phosphorus, Orthophosphate As P - mg/l",2000
8/15/2000 9:00,,0.02,"Phosphorus, Orthophosphate As P",mg/l,GRBCML,GREAT BAY ESTUARY - COASTAL MARINE LABORATORY,"GRBCML - Phosphorus, Orthophosphate As P - mg/l",2000
8/15/2000 10:00,,0.018,"Phosphorus, Orthophosphate As P",mg/l,GRBCML,GREAT BAY ESTUARY - COASTAL MARINE LABORATORY,"GRBCML - Phosphorus, Orthophosphate As P - mg/l",2000
9/13/2000 9:00,,0.025,"Phosphorus, Orthophosphate As P",mg/l,GRBCML,GREAT BAY ESTUARY - COASTAL MARINE LABORATORY,"GRBCML - Phosphorus, Orthophosphate As P - mg/l",2000
9/13/2000 10:00,,0.032,"Phosphorus, Orthophosphate As P",mg/l,GRBCML,GREAT BAY ESTUARY - COASTAL MARINE LABORATORY,"GRBCML - Phosphorus, Orthophosphate As P - mg/l",2000
10/16/2000 9:00,,0.021,"Phosphorus, Orthophosphate As P",mg/l,GRBCML,GREAT BAY ESTUARY - COASTAL MARINE LABORATORY,"GRBCML - Phosphorus, Orthophosphate As P - mg/l",2000
10/16/2000 10:00,,0.023,"Phosphorus, Orthophosphate As P",mg/l,GRBCML,GREAT BAY ESTUARY - COASTAL MARINE LABORATORY,"GRBCML - Phosphorus, Orthophosphate As P - mg/l",2000
11/15/2000 9:00,,0.022,"Phosphorus, Orthophosphate As P",mg/l,GRBCML,GREAT BAY ESTUARY - COASTAL MARINE LABORATORY,"GRBCML - Phosphorus, Orthophosphate As P - mg/l",2000
11/15/2000 10:00,,0.023,"Phosphorus, Orthophosphate As P",mg/l,GRBCML,GREAT BAY ESTUARY - COASTAL MARINE LABORATORY,"GRBCML - Phosphorus, Orthophosphate As P - mg/l",2000
12/6/2000 9:00,,0.024,"Phosphorus, Orthophosphate As P",mg/l,GRBCML,GREAT BAY ESTUARY - COASTAL MARINE LABORATORY,"GRBCML - Phosphorus, Orthophosphate As P - mg/l",2000
12/6/2000 10:00,,0.021,"Phosphorus, Orthophosphate As P",mg/l,GRBCML,GREAT BAY ESTUARY - COASTAL MARINE LABORATORY,"GRBCML - Phosphorus, Orthophosphate As P - mg/l",2000
1/17/2001 9:00,,0.021,"Phosphorus, Orthophosphate As P",mg/l,GRBCML,GREAT BAY ESTUARY - COASTAL MARINE LABORATORY,"GRBCML - Phosphorus, Orthophosphate As P - mg/l",2001
1/17/2001 10:00,,0.022,"Phosphorus, Orthophosphate As P",mg/l,GRBCML,GREAT BAY ESTUARY - COASTAL MARINE LABORATORY,"GRBCML - Phosphorus, Orthophosphate As P - mg/l",2001
2/26/2001 9:00,,0.016,"Phosphorus, Orthophosphate As P",mg/l,GRBCML,GREAT BAY ESTUARY - COASTAL MARINE LABORATORY,"GRBCML - Phosphorus, Orthophosphate As P - mg/l",2001
2/26/2001 10:00,,0.016,"Phosphorus, Orthophosphate As P",mg/l,GRBCML,GREAT BAY ESTUARY - COASTAL MARINE LABORATORY,"GRBCML - Phosphorus, Orthophosphate As P - mg/l",2001
3/26/2001 9:00,,0.016,"Phosphorus, Orthophosphate As P",mg/l,GRBCML,GREAT BAY ESTUARY - COASTAL MARINE LABORATORY,"GRBCML - Phosphorus, Orthophosphate As P - mg/l",2001
3/26/2001 10:00,,0.022,"Phosphorus, Orthophosphate As P",mg/l,GRBCML,GREAT BAY ESTUARY - COASTAL MARINE LABORATORY,"GRBCML - Phosphorus, Orthophosphate As P - mg/l",2001
4/16/2001 9:00,,0.009,"Phosphorus, Orthophosphate As P",mg/l,GRBCML,GREAT BAY ESTUARY - COASTAL MARINE LABORATORY,"GRBCML - Phosphorus, Orthophosphate As P - mg/l",2001
4/16/2001 10:00,,0.011,"Phosphorus, Orthophosphate As P",mg/l,GRBCML,GREAT BAY ESTUARY - COASTAL MARINE LABORATORY,"GRBCML - Phosphorus, Orthophosphate As P - mg/l",2001
6/5/2001 9:00,,0.021,"Phosphorus, Orthophosphate As P",mg/l,GRBCML,GREAT BAY ESTUARY - COASTAL MARINE LABORATORY,"GRBCML - Phosphorus, Orthophosphate As P - mg/l",2001
7/9/2001 9:00,,0.0161,"Phosphorus, Orthophosphate As P",mg/l,GRBCML,GREAT BAY ESTUARY - COASTAL MARINE LABORATORY,"GRBCML - Phosphorus, Orthophosphate As P - mg/l",2001
8/22/2001 9:00,,0.0194,"Phosphorus, Orthophosphate As P",mg/l,GRBCML,GREAT BAY ESTUARY - COASTAL MARINE LABORATORY,"GRBCML - Phosphorus, Orthophosphate As P - mg/l",2001
9/18/2001 9:00,,0.0214,"Phosphorus, Orthophosphate As P",mg/l,GRBCML,GREAT BAY ESTUARY - COASTAL MARINE LABORATORY,"GRBCML - Phosphorus, Orthophosphate As P - mg/l",2001
10/10/2001 9:00,,0.0268,"Phosphorus, Orthophosphate As P",mg/l,GRBCML,GREAT BAY ESTUARY - COASTAL MARINE LABORATORY,"GRBCML - Phosphorus, Orthophosphate As P - mg/l",2001
12/4/2001 9:00,,0.0262,"Phosphorus, Orthophosphate As P",mg/l,GRBCML,GREAT BAY ESTUARY - COASTAL MARINE LABORATORY,"GRBCML - Phosphorus, Orthophosphate As P - mg/l",2001
4/15/2002 7:30,,0.0084,"Phosphorus, Orthophosphate As P",mg/l,GRBCML,GREAT BAY ESTUARY - COASTAL MARINE LABORATORY,"GRBCML - Phosphorus, Orthophosphate As P - mg/l",2002
4/15/2002 8:30,,0.0121,"Phosphorus, Orthophosphate As P",mg/l,GRBCML,GREAT BAY ESTUARY - COASTAL MARINE LABORATORY,"GRBCML - Phosphorus, Orthophosphate As P - mg/l",2002
4/15/2002 14:00,,0.0189,"Phosphorus, Orthophosphate As P",mg/l,GRBCML,GREAT BAY ESTUARY - COASTAL MARINE LABORATORY,"GRBCML - Phosphorus, Orthophosphate As P - mg/l",2002
4/15/2002 15:00,,0.0115,"Phosphorus, Orthophosphate As P",mg/l,GRBCML,GREAT BAY ESTUARY - COASTAL MARINE LABORATORY,"GRBCML - Phosphorus, Orthophosphate As P - mg/l",2002
5/15/2002 8:00,,0.017,"Phosphorus, Orthophosphate As P",mg/l,GRBCML,GREAT BAY ESTUARY - COASTAL MARINE LABORATORY,"GRBCML - Phosphorus, Orthophosphate As P - mg/l",2002
5/15/2002 9:00,,0.0158,"Phosphorus, Orthophosphate As P",mg/l,GRBCML,GREAT BAY ESTUARY - COASTAL MARINE LABORATORY,"GRBCML - Phosphorus, Orthophosphate As P - mg/l",2002
5/15/2002 14:00,,0.0143,"Phosphorus, Orthophosphate As P",mg/l,GRBCML,GREAT BAY ESTUARY - COASTAL MARINE LABORATORY,"GRBCML - Phosphorus, Orthophosphate As P - mg/l",2002
5/15/2002 15:00,,0.014,"Phosphorus, Orthophosphate As P",mg/l,GRBCML,GREAT BAY ESTUARY - COASTAL MARINE LABORATORY,"GRBCML - Phosphorus, Orthophosphate As P - mg/l",2002
6/12/2002 7:00,,0.0198,"Phosphorus, Orthophosphate As P",mg/l,GRBCML,GREAT BAY ESTUARY - COASTAL MARINE LABORATORY,"GRBCML - Phosphorus, Orthophosphate As P - mg/l",2002
6/12/2002 8:00,,0.0177,"Phosphorus, Orthophosphate As P",mg/l,GRBCML,GREAT BAY ESTUARY - COASTAL MARINE LABORATORY,"GRBCML - Phosphorus, Orthophosphate As P - mg/l",2002
6/12/2002 13:00,,0.0232,"Phosphorus, Orthophosphate As P",mg/l,GRBCML,GREAT BAY ESTUARY - COASTAL MARINE LABORATORY,"GRBCML - Phosphorus, Orthophosphate As P - mg/l",2002
6/12/2002 14:00,,0.0223,"Phosphorus, Orthophosphate As P",mg/l,GRBCML,GREAT BAY ESTUARY - COASTAL MARINE LABORATORY,"GRBCML - Phosphorus, Orthophosphate As P - mg/l",2002
7/10/2002 6:00,,0.009,"Phosphorus, Orthophosphate As P",mg/l,GRBCML,GREAT BAY ESTUARY - COASTAL MARINE LABORATORY,"GRBCML - Phosphorus, Orthophosphate As P - mg/l",2002
7/10/2002 7:00,,0.0115,"Phosphorus, Orthophosphate As P",mg/l,GRBCML,GREAT BAY ESTUARY - COASTAL MARINE LABORATORY,"GRBCML - Phosphorus, Orthophosphate As P - mg/l",2002
7/10/2002 12:00,,0.0121,"Phosphorus, Orthophosphate As P",mg/l,GRBCML,GREAT BAY ESTUARY - COASTAL MARINE LABORATORY,"GRBCML - Phosphorus, Orthophosphate As P - mg/l",2002
7/10/2002 13:00,,0.0087,"Phosphorus, Orthophosphate As P",mg/l,GRBCML,GREAT BAY ESTUARY - COASTAL MARINE LABORATORY,"GRBCML - Phosphorus, Orthophosphate As P - mg/l",2002
8/26/2002 8:00,,0.0151,"Phosphorus, Orthophosphate As P",mg/l,GRBCML,GREAT BAY ESTUARY - COASTAL MARINE LABORATORY,"GRBCML - Phosphorus, Orthophosphate As P - mg/l",2002
8/26/2002 9:00,,0.0219,"Phosphorus, Orthophosphate As P",mg/l,GRBCML,GREAT BAY ESTUARY - COASTAL MARINE LABORATORY,"GRBCML - Phosphorus, Orthophosphate As P - mg/l",2002
8/26/2002 14:00,,0.0179,"Phosphorus, Orthophosphate As P",mg/l,GRBCML,GREAT BAY ESTUARY - COASTAL MARINE LABORATORY,"GRBCML - Phosphorus, Orthophosphate As P - mg/l",2002
8/26/2002 15:00,,0.017,"Phosphorus, Orthophosphate As P",mg/l,GRBCML,GREAT BAY ESTUARY - COASTAL MARINE LABORATORY,"GRBCML - Phosphorus, Orthophosphate As P - mg/l",2002
9/9/2002 7:30,,0.0285,"Phosphorus, Orthophosphate As P",mg/l,GRBCML,GREAT BAY ESTUARY - COASTAL MARINE LABORATORY,"GRBCML - Phosphorus, Orthophosphate As P - mg/l",2002
9/9/2002 8:30,,0.0288,"Phosphorus, Orthophosphate As P",mg/l,GRBCML,GREAT BAY ESTUARY - COASTAL MARINE LABORATORY,"GRBCML - Phosphorus, Orthophosphate As P - mg/l",2002
9/9/2002 13:30,,0.0279,"Phosphorus, Orthophosphate As P",mg/l,GRBCML,GREAT BAY ESTUARY - COASTAL MARINE LABORATORY,"GRBCML - Phosphorus, Orthophosphate As P - mg/l",2002
9/9/2002 14:30,,0.0288,"Phosphorus, Orthophosphate As P",mg/l,GRBCML,GREAT BAY ESTUARY - COASTAL MARINE LABORATORY,"GRBCML - Phosphorus, Orthophosphate As P - mg/l",2002
10/7/2002 6:30,,0.0431,"Phosphorus, Orthophosphate As P",mg/l,GRBCML,GREAT BAY ESTUARY - COASTAL MARINE LABORATORY,"GRBCML - Phosphorus, Orthophosphate As P - mg/l",2002
10/7/2002 7:30,,0.04,"Phosphorus, Orthophosphate As P",mg/l,GRBCML,GREAT BAY ESTUARY - COASTAL MARINE LABORATORY,"GRBCML - Phosphorus, Orthophosphate As P - mg/l",2002
10/7/2002 12:15,,0.0364,"Phosphorus, Orthophosphate As P",mg/l,GRBCML,GREAT BAY ESTUARY - COASTAL MARINE LABORATORY,"GRBCML - Phosphorus, Orthophosphate As P - mg/l",2002
10/7/2002 13:15,,0.0359,"Phosphorus, Orthophosphate As P",mg/l,GRBCML,GREAT BAY ESTUARY - COASTAL MARINE LABORATORY,"GRBCML - Phosphorus, Orthophosphate As P - mg/l",2002
11/13/2002 6:30,,0.0322,"Phosphorus, Orthophosphate As P",mg/l,GRBCML,GREAT BAY ESTUARY - COASTAL MARINE LABORATORY,"GRBCML - Phosphorus, Orthophosphate As P - mg/l",2002
11/13/2002 7:30,,0.0312,"Phosphorus, Orthophosphate As P",mg/l,GRBCML,GREAT BAY ESTUARY - COASTAL MARINE LABORATORY,"GRBCML - Phosphorus, Orthophosphate As P - mg/l",2002
11/13/2002 12:15,,0.0323,"Phosphorus, Orthophosphate As P",mg/l,GRBCML,GREAT BAY ESTUARY - COASTAL MARINE LABORATORY,"GRBCML - Phosphorus, Orthophosphate As P - mg/l",2002
11/13/2002 13:15,,0.0326,"Phosphorus, Orthophosphate As P",mg/l,GRBCML,GREAT BAY ESTUARY - COASTAL MARINE LABORATORY,"GRBCML - Phosphorus, Orthophosphate As P - mg/l",2002
4/16/2003 5:30,,0.0149,"Phosphorus, Orthophosphate As P",mg/l,GRBCML,GREAT BAY ESTUARY - COASTAL MARINE LABORATORY,"GRBCML - Phosphorus, Orthophosphate As P - mg/l",2003
4/16/2003 6:30,,0.0143,"Phosphorus, Orthophosphate As P",mg/l,GRBCML,GREAT BAY ESTUARY - COASTAL MARINE LABORATORY,"GRBCML - Phosphorus, Orthophosphate As P - mg/l",2003
4/16/2003 11:30,,0.0128,"Phosphorus, Orthophosphate As P",mg/l,GRBCML,GREAT BAY ESTUARY - COASTAL MARINE LABORATORY,"GRBCML - Phosphorus, Orthophosphate As P - mg/l",2003
4/16/2003 12:30,,0.0128,"Phosphorus, Orthophosphate As P",mg/l,GRBCML,GREAT BAY ESTUARY - COASTAL MARINE LABORATORY,"GRBCML - Phosphorus, Orthophosphate As P - mg/l",2003
5/5/2003 8:30,,0.0083,"Phosphorus, Orthophosphate As P",mg/l,GRBCML,GREAT BAY ESTUARY - COASTAL MARINE LABORATORY,"GRBCML - Phosphorus, Orthophosphate As P - mg/l",2003
5/5/2003 9:30,,0.0083,"Phosphorus, Orthophosphate As P",mg/l,GRBCML,GREAT BAY ESTUARY - COASTAL MARINE LABORATORY,"GRBCML - Phosphorus, Orthophosphate As P - mg/l",2003
5/5/2003 13:00,,0.0071,"Phosphorus, Orthophosphate As P",mg/l,GRBCML,GREAT BAY ESTUARY - COASTAL MARINE LABORATORY,"GRBCML - Phosphorus, Orthophosphate As P - mg/l",2003
5/5/2003 14:00,,0.0065,"Phosphorus, Orthophosphate As P",mg/l,GRBCML,GREAT BAY ESTUARY - COASTAL MARINE LABORATORY,"GRBCML - Phosphorus, Orthophosphate As P - mg/l",2003
6/3/2003 12:00,,0.0225,"Phosphorus, Orthophosphate As P",mg/l,GRBCML,GREAT BAY ESTUARY - COASTAL MARINE LABORATORY,"GRBCML - Phosphorus, Orthophosphate As P - mg/l",2003
6/3/2003 13:00,,0.0144,"Phosphorus, Orthophosphate As P",mg/l,GRBCML,GREAT BAY ESTUARY - COASTAL MARINE LABORATORY,"GRBCML - Phosphorus, Orthophosphate As P - mg/l",2003
6/4/2003 8:30,,0.0173,"Phosphorus, Orthophosphate As P",mg/l,GRBCML,GREAT BAY ESTUARY - COASTAL MARINE LABORATORY,"GRBCML - Phosphorus, Orthophosphate As P - mg/l",2003
6/4/2003 9:30,,0.0179,"Phosphorus, Orthophosphate As P",mg/l,GRBCML,GREAT BAY ESTUARY - COASTAL MARINE LABORATORY,"GRBCML - Phosphorus, Orthophosphate As P - mg/l",2003
7/2/2003 8:00,,0.0141,"Phosphorus, Orthophosphate As P",mg/l,GRBCML,GREAT BAY ESTUARY - COASTAL MARINE LABORATORY,"GRBCML - Phosphorus, Orthophosphate As P - mg/l",2003
7/2/2003 9:00,,0.0148,"Phosphorus, Orthophosphate As P",mg/l,GRBCML,GREAT BAY ESTUARY - COASTAL MARINE LABORATORY,"GRBCML - Phosphorus, Orthophosphate As P - mg/l",2003
7/2/2003 12:30,,0.0142,"Phosphorus, Orthophosphate As P",mg/l,GRBCML,GREAT BAY ESTUARY - COASTAL MARINE LABORATORY,"GRBCML - Phosphorus, Orthophosphate As P - mg/l",2003
7/2/2003 13:30,,0.0143,"Phosphorus, Orthophosphate As P",mg/l,GRBCML,GREAT BAY ESTUARY - COASTAL MARINE LABORATORY,"GRBCML - Phosphorus, Orthophosphate As P - mg/l",2003
8/13/2003 8:30,,0.017,"Phosphorus, Orthophosphate As P",mg/l,GRBCML,GREAT BAY ESTUARY - COASTAL MARINE LABORATORY,"GRBCML - Phosphorus, Orthophosphate As P - mg/l",2003
8/13/2003 11:00,,0.0164,"Phosphorus, Orthophosphate As P",mg/l,GRBCML,GREAT BAY ESTUARY - COASTAL MARINE LABORATORY,"GRBCML - Phosphorus, Orthophosphate As P - mg/l",2003
8/13/2003 12:00,,0.0249,"Phosphorus, Orthophosphate As P",mg/l,GRBCML,GREAT BAY ESTUARY - COASTAL MARINE LABORATORY,"GRBCML - Phosphorus, Orthophosphate As P - mg/l",2003
9/30/2003 8:30,,0.0238,"Phosphorus, Orthophosphate As P",mg/l,GRBCML,GREAT BAY ESTUARY - COASTAL MARINE LABORATORY,"GRBCML - Phosphorus, Orthophosphate As P - mg/l",2003
9/30/2003 9:30,,0.0245,"Phosphorus, Orthophosphate As P",mg/l,GRBCML,GREAT BAY ESTUARY - COASTAL MARINE LABORATORY,"GRBCML - Phosphorus, Orthophosphate As P - mg/l",2003
9/30/2003 12:30,,0.0243,"Phosphorus, Orthophosphate As P",mg/l,GRBCML,GREAT BAY ESTUARY - COASTAL MARINE LABORATORY,"GRBCML - Phosphorus, Orthophosphate As P - mg/l",2003
9/30/2003 13:30,,0.0202,"Phosphorus, Orthophosphate As P",mg/l,GRBCML,GREAT BAY ESTUARY - COASTAL MARINE LABORATORY,"GRBCML - Phosphorus, Orthophosphate As P - mg/l",2003
11/3/2003 7:30,,0.0456,"Phosphorus, Orthophosphate As P",mg/l,GRBCML,GREAT BAY ESTUARY - COASTAL MARINE LABORATORY,"GRBCML - Phosphorus, Orthophosphate As P - mg/l",2003
11/3/2003 8:30,,0.0377,"Phosphorus, Orthophosphate As P",mg/l,GRBCML,GREAT BAY ESTUARY - COASTAL MARINE LABORATORY,"GRBCML - Phosphorus, Orthophosphate As P - mg/l",2003
11/3/2003 11:00,,0.015,"Phosphorus, Orthophosphate As P",mg/l,GRBCML,GREAT BAY ESTUARY - COASTAL MARINE LABORATORY,"GRBCML - Phosphorus, Orthophosphate As P - mg/l",2003
11/3/2003 12:00,,0.0255,"Phosphorus, Orthophosphate As P",mg/l,GRBCML,GREAT BAY ESTUARY - COASTAL MARINE LABORATORY,"GRBCML - Phosphorus, Orthophosphate As P - mg/l",2003
11/26/2003 7:30,,0.0238,"Phosphorus, Orthophosphate As P",mg/l,GRBCML,GREAT BAY ESTUARY - COASTAL MARINE LABORATORY,"GRBCML - Phosphorus, Orthophosphate As P - mg/l",2003
11/26/2003 8:30,,0.0226,"Phosphorus, Orthophosphate As P",mg/l,GRBCML,GREAT BAY ESTUARY - COASTAL MARINE LABORATORY,"GRBCML - Phosphorus, Orthophosphate As P - mg/l",2003
11/26/2003 11:00,,0.0231,"Phosphorus, Orthophosphate As P",mg/l,GRBCML,GREAT BAY ESTUARY - COASTAL MARINE LABORATORY,"GRBCML - Phosphorus, Orthophosphate As P - mg/l",2003
11/26/2003 12:00,,0.0214,"Phosphorus, Orthophosphate As P",mg/l,GRBCML,GREAT BAY ESTUARY - COASTAL MARINE LABORATORY,"GRBCML - Phosphorus, Orthophosphate As P - mg/l",2003
4/6/2004 11:45,,0.009,"Phosphorus, Orthophosphate As P",mg/l,GRBCML,GREAT BAY ESTUARY - COASTAL MARINE LABORATORY,"GRBCML - Phosphorus, Orthophosphate As P - mg/l",2004
6/29/2004 9:10,,0.0187,"Phosphorus, Orthophosphate As P",mg/l,GRBCML,GREAT BAY ESTUARY - COASTAL MARINE LABORATORY,"GRBCML - Phosphorus, Orthophosphate As P - mg/l",2004
6/29/2004 10:10,,0.0244,"Phosphorus, Orthophosphate As P",mg/l,GRBCML,GREAT BAY ESTUARY - COASTAL MARINE LABORATORY,"GRBCML - Phosphorus, Orthophosphate As P - mg/l",2004
6/29/2004 14:32,,0.0197,"Phosphorus, Orthophosphate As P",mg/l,GRBCML,GREAT BAY ESTUARY - COASTAL MARINE LABORATORY,"GRBCML - Phosphorus, Orthophosphate As P - mg/l",2004
6/29/2004 15:32,,0.0149,"Phosphorus, Orthophosphate As P",mg/l,GRBCML,GREAT BAY ESTUARY - COASTAL MARINE LABORATORY,"GRBCML - Phosphorus, Orthophosphate As P - mg/l",2004
7/28/2004 8:20,,0.0285,"Phosphorus, Orthophosphate As P",mg/l,GRBCML,GREAT BAY ESTUARY - COASTAL MARINE LABORATORY,"GRBCML - Phosphorus, Orthophosphate As P - mg/l",2004
7/28/2004 9:20,,0.0304,"Phosphorus, Orthophosphate As P",mg/l,GRBCML,GREAT BAY ESTUARY - COASTAL MARINE LABORATORY,"GRBCML - Phosphorus, Orthophosphate As P - mg/l",2004
7/28/2004 14:20,,0.0265,"Phosphorus, Orthophosphate As P",mg/l,GRBCML,GREAT BAY ESTUARY - COASTAL MARINE LABORATORY,"GRBCML - Phosphorus, Orthophosphate As P - mg/l",2004
7/28/2004 15:20,,0.0258,"Phosphorus, Orthophosphate As P",mg/l,GRBCML,GREAT BAY ESTUARY - COASTAL MARINE LABORATORY,"GRBCML - Phosphorus, Orthophosphate As P - mg/l",2004
8/27/2004 9:48,,0.0341,"Phosphorus, Orthophosphate As P",mg/l,GRBCML,GREAT BAY ESTUARY - COASTAL MARINE LABORATORY,"GRBCML - Phosphorus, Orthophosphate As P - mg/l",2004
8/27/2004 10:48,,0.0332,"Phosphorus, Orthophosphate As P",mg/l,GRBCML,GREAT BAY ESTUARY - COASTAL MARINE LABORATORY,"GRBCML - Phosphorus, Orthophosphate As P - mg/l",2004
8/27/2004 15:22,,0.0294,"Phosphorus, Orthophosphate As P",mg/l,GRBCML,GREAT BAY ESTUARY - COASTAL MARINE LABORATORY,"GRBCML - Phosphorus, Orthophosphate As P - mg/l",2004
8/27/2004 16:22,,0.0276,"Phosphorus, Orthophosphate As P",mg/l,GRBCML,GREAT BAY ESTUARY - COASTAL MARINE LABORATORY,"GRBCML - Phosphorus, Orthophosphate As P - mg/l",2004
10/25/2004 10:29,,0.0263,"Phosphorus, Orthophosphate As P",mg/l,GRBCML,GREAT BAY ESTUARY - COASTAL MARINE LABORATORY,"GRBCML - Phosphorus, Orthophosphate As P - mg/l",2004
10/25/2004 11:29,,0.0127,"Phosphorus, Orthophosphate As P",mg/l,GRBCML,GREAT BAY ESTUARY - COASTAL MARINE LABORATORY,"GRBCML - Phosphorus, Orthophosphate As P - mg/l",2004
10/25/2004 14:40,,0.0252,"Phosphorus, Orthophosphate As P",mg/l,GRBCML,GREAT BAY ESTUARY - COASTAL MARINE LABORATORY,"GRBCML - Phosphorus, Orthophosphate As P - mg/l",2004
10/25/2004 15:40,,0.0246,"Phosphorus, Orthophosphate As P",mg/l,GRBCML,GREAT BAY ESTUARY - COASTAL MARINE LABORATORY,"GRBCML - Phosphorus, Orthophosphate As P - mg/l",2004
11/23/2004 9:48,,0.034,"Phosphorus, Orthophosphate As P",mg/l,GRBCML,GREAT BAY ESTUARY - COASTAL MARINE LABORATORY,"GRBCML - Phosphorus, Orthophosphate As P - mg/l",2004
11/23/2004 10:48,,0.0335,"Phosphorus, Orthophosphate As P",mg/l,GRBCML,GREAT BAY ESTUARY - COASTAL MARINE LABORATORY,"GRBCML - Phosphorus, Orthophosphate As P - mg/l",2004
11/23/2004 13:40,,0.034,"Phosphorus, Orthophosphate As P",mg/l,GRBCML,GREAT BAY ESTUARY - COASTAL MARINE LABORATORY,"GRBCML - Phosphorus, Orthophosphate As P - mg/l",2004
11/23/2004 14:40,,0.0316,"Phosphorus, Orthophosphate As P",mg/l,GRBCML,GREAT BAY ESTUARY - COASTAL MARINE LABORATORY,"GRBCML - Phosphorus, Orthophosphate As P - mg/l",2004
12/21/2004 8:50,,0.0277,"Phosphorus, Orthophosphate As P",mg/l,GRBCML,GREAT BAY ESTUARY - COASTAL MARINE LABORATORY,"GRBCML - Phosphorus, Orthophosphate As P - mg/l",2004
12/21/2004 9:50,,0.0284,"Phosphorus, Orthophosphate As P",mg/l,GRBCML,GREAT BAY ESTUARY - COASTAL MARINE LABORATORY,"GRBCML - Phosphorus, Orthophosphate As P - mg/l",2004
12/21/2004 13:00,,0.0269,"Phosphorus, Orthophosphate As P",mg/l,GRBCML,GREAT BAY ESTUARY - COASTAL MARINE LABORATORY,"GRBCML - Phosphorus, Orthophosphate As P - mg/l",2004
12/21/2004 14:00,,0.0326,"Phosphorus, Orthophosphate As P",mg/l,GRBCML,GREAT BAY ESTUARY - COASTAL MARINE LABORATORY,"GRBCML - Phosphorus, Orthophosphate As P - mg/l",2004
4/28/2005 10:50,,0.0099,"Phosphorus, Orthophosphate As P",mg/l,GRBCML,GREAT BAY ESTUARY - COASTAL MARINE LABORATORY,"GRBCML - Phosphorus, Orthophosphate As P - mg/l",2005
4/28/2005 14:33,,0.011,"Phosphorus, Orthophosphate As P",mg/l,GRBCML,GREAT BAY ESTUARY - COASTAL MARINE LABORATORY,"GRBCML - Phosphorus, Orthophosphate As P - mg/l",2005
4/28/2005 15:33,,0.0094,"Phosphorus, Orthophosphate As P",mg/l,GRBCML,GREAT BAY ESTUARY - COASTAL MARINE LABORATORY,"GRBCML - Phosphorus, Orthophosphate As P - mg/l",2005
5/18/2005 8:45,,0.0135,"Phosphorus, Orthophosphate As P",mg/l,GRBCML,GREAT BAY ESTUARY - COASTAL MARINE LABORATORY,"GRBCML - Phosphorus, Orthophosphate As P - mg/l",2005
5/18/2005 9:45,,0.0097,"Phosphorus, Orthophosphate As P",mg/l,GRBCML,GREAT BAY ESTUARY - COASTAL MARINE LABORATORY,"GRBCML - Phosphorus, Orthophosphate As P - mg/l",2005
5/18/2005 13:20,,0.0068,"Phosphorus, Orthophosphate As P",mg/l,GRBCML,GREAT BAY ESTUARY - COASTAL MARINE LABORATORY,"GRBCML - Phosphorus, Orthophosphate As P - mg/l",2005
6/20/2005 8:45,,0.0176,"Phosphorus, Orthophosphate As P",mg/l,GRBCML,GREAT BAY ESTUARY - COASTAL MARINE LABORATORY,"GRBCML - Phosphorus, Orthophosphate As P - mg/l",2005
6/20/2005 9:45,,0.0136,"Phosphorus, Orthophosphate As P",mg/l,GRBCML,GREAT BAY ESTUARY - COASTAL MARINE LABORATORY,"GRBCML - Phosphorus, Orthophosphate As P - mg/l",2005
6/20/2005 15:45,,0.01,"Phosphorus, Orthophosphate As P",mg/l,GRBCML,GREAT BAY ESTUARY - COASTAL MARINE LABORATORY,"GRBCML - Phosphorus, Orthophosphate As P - mg/l",2005
6/20/2005 16:45,,0.0151,"Phosphorus, Orthophosphate As P",mg/l,GRBCML,GREAT BAY ESTUARY - COASTAL MARINE LABORATORY,"GRBCML - Phosphorus, Orthophosphate As P - mg/l",2005
7/17/2005 10:07,,0.0311,"Phosphorus, Orthophosphate As P",mg/l,GRBCML,GREAT BAY ESTUARY - COASTAL MARINE LABORATORY,"GRBCML - Phosphorus, Orthophosphate As P - mg/l",2005
7/17/2005 11:07,,0.0286,"Phosphorus, Orthophosphate As P",mg/l,GRBCML,GREAT BAY ESTUARY - COASTAL MARINE LABORATORY,"GRBCML - Phosphorus, Orthophosphate As P - mg/l",2005
7/17/2005 13:54,,0.0263,"Phosphorus, Orthophosphate As P",mg/l,GRBCML,GREAT BAY ESTUARY - COASTAL MARINE LABORATORY,"GRBCML - Phosphorus, Orthophosphate As P - mg/l",2005
7/17/2005 14:54,,0.0309,"Phosphorus, Orthophosphate As P",mg/l,GRBCML,GREAT BAY ESTUARY - COASTAL MARINE LABORATORY,"GRBCML - Phosphorus, Orthophosphate As P - mg/l",2005
8/30/2005 9:45,,0.0316,"Phosphorus, Orthophosphate As P",mg/l,GRBCML,GREAT BAY ESTUARY - COASTAL MARINE LABORATORY,"GRBCML - Phosphorus, Orthophosphate As P - mg/l",2005
8/30/2005 10:45,,0.0341,"Phosphorus, Orthophosphate As P",mg/l,GRBCML,GREAT BAY ESTUARY - COASTAL MARINE LABORATORY,"GRBCML - Phosphorus, Orthophosphate As P - mg/l",2005
8/30/2005 14:45,,0.0255,"Phosphorus, Orthophosphate As P",mg/l,GRBCML,GREAT BAY ESTUARY - COASTAL MARINE LABORATORY,"GRBCML - Phosphorus, Orthophosphate As P - mg/l",2005
9/28/2005 10:05,,0.0251,"Phosphorus, Orthophosphate As P",mg/l,GRBCML,GREAT BAY ESTUARY - COASTAL MARINE LABORATORY,"GRBCML - Phosphorus, Orthophosphate As P - mg/l",2005
9/28/2005 14:27,,0.0236,"Phosphorus, Orthophosphate As P",mg/l,GRBCML,GREAT BAY ESTUARY - COASTAL MARINE LABORATORY,"GRBCML - Phosphorus, Orthophosphate As P - mg/l",2005
9/28/2005 15:27,,0.0286,"Phosphorus, Orthophosphate As P",mg/l,GRBCML,GREAT BAY ESTUARY - COASTAL MARINE LABORATORY,"GRBCML - Phosphorus, Orthophosphate As P - mg/l",2005
10/31/2005 9:50,,0.0247,"Phosphorus, Orthophosphate As P",mg/l,GRBCML,GREAT BAY ESTUARY - COASTAL MARINE LABORATORY,"GRBCML - Phosphorus, Orthophosphate As P - mg/l",2005
10/31/2005 10:50,,0.0226,"Phosphorus, Orthophosphate As P",mg/l,GRBCML,GREAT BAY ESTUARY - COASTAL MARINE LABORATORY,"GRBCML - Phosphorus, Orthophosphate As P - mg/l",2005
11/22/2005 9:08,,0.0292,"Phosphorus, Orthophosphate As P",mg/l,GRBCML,GREAT BAY ESTUARY - COASTAL MARINE LABORATORY,"GRBCML - Phosphorus, Orthophosphate As P - mg/l",2005
11/22/2005 10:08,,0.0318,"Phosphorus, Orthophosphate As P",mg/l,GRBCML,GREAT BAY ESTUARY - COASTAL MARINE LABORATORY,"GRBCML - Phosphorus, Orthophosphate As P - mg/l",2005
11/22/2005 14:10,,0.0311,"Phosphorus, Orthophosphate As P",mg/l,GRBCML,GREAT BAY ESTUARY - COASTAL MARINE LABORATORY,"GRBCML - Phosphorus, Orthophosphate As P - mg/l",2005
11/22/2005 15:10,,0.0301,"Phosphorus, Orthophosphate As P",mg/l,GRBCML,GREAT BAY ESTUARY - COASTAL MARINE LABORATORY,"GRBCML - Phosphorus, Orthophosphate As P - mg/l",2005
12/14/2005 10:10,,0.0346,"Phosphorus, Orthophosphate As P",mg/l,GRBCML,GREAT BAY ESTUARY - COASTAL MARINE LABORATORY,"GRBCML - Phosphorus, Orthophosphate As P - mg/l",2005
12/14/2005 11:10,,0.0306,"Phosphorus, Orthophosphate As P",mg/l,GRBCML,GREAT BAY ESTUARY - COASTAL MARINE LABORATORY,"GRBCML - Phosphorus, Orthophosphate As P - mg/l",2005
12/14/2005 15:13,,0.0342,"Phosphorus, Orthophosphate As P",mg/l,GRBCML,GREAT BAY ESTUARY - COASTAL MARINE LABORATORY,"GRBCML - Phosphorus, Orthophosphate As P - mg/l",2005
12/14/2005 16:13,,0.0333,"Phosphorus, Orthophosphate As P",mg/l,GRBCML,GREAT BAY ESTUARY - COASTAL MARINE LABORATORY,"GRBCML - Phosphorus, Orthophosphate As P - mg/l",2005
4/25/2006 10:10,,0.006,"Phosphorus, Orthophosphate As P",mg/l,GRBCML,GREAT BAY ESTUARY - COASTAL MARINE LABORATORY,"GRBCML - Phosphorus, Orthophosphate As P - mg/l",2006
4/25/2006 11:10,,0.011,"Phosphorus, Orthophosphate As P",mg/l,GRBCML,GREAT BAY ESTUARY - COASTAL MARINE LABORATORY,"GRBCML - Phosphorus, Orthophosphate As P - mg/l",2006
4/25/2006 14:21,,0.008,"Phosphorus, Orthophosphate As P",mg/l,GRBCML,GREAT BAY ESTUARY - COASTAL MARINE LABORATORY,"GRBCML - Phosphorus, Orthophosphate As P - mg/l",2006
4/25/2006 15:21,,0.01,"Phosphorus, Orthophosphate As P",mg/l,GRBCML,GREAT BAY ESTUARY - COASTAL MARINE LABORATORY,"GRBCML - Phosphorus, Orthophosphate As P - mg/l",2006
5/30/2006 8:52,,0.01,"Phosphorus, Orthophosphate As P",mg/l,GRBCML,GREAT BAY ESTUARY - COASTAL MARINE LABORATORY,"GRBCML - Phosphorus, Orthophosphate As P - mg/l",2006
5/30/2006 9:52,,0.011,"Phosphorus, Orthophosphate As P",mg/l,GRBCML,GREAT BAY ESTUARY - COASTAL MARINE LABORATORY,"GRBCML - Phosphorus, Orthophosphate As P - mg/l",2006
5/30/2006 13:10,,0.011,"Phosphorus, Orthophosphate As P",mg/l,GRBCML,GREAT BAY ESTUARY - COASTAL MARINE LABORATORY,"GRBCML - Phosphorus, Orthophosphate As P - mg/l",2006
5/30/2006 14:10,,0.015,"Phosphorus, Orthophosphate As P",mg/l,GRBCML,GREAT BAY ESTUARY - COASTAL MARINE LABORATORY,"GRBCML - Phosphorus, Orthophosphate As P - mg/l",2006
6/28/2006 14:12,,0.02,"Phosphorus, Orthophosphate As P",mg/l,GRBCML,GREAT BAY ESTUARY - COASTAL MARINE LABORATORY,"GRBCML - Phosphorus, Orthophosphate As P - mg/l",2006
6/28/2006 15:12,,0.014,"Phosphorus, Orthophosphate As P",mg/l,GRBCML,GREAT BAY ESTUARY - COASTAL MARINE LABORATORY,"GRBCML - Phosphorus, Orthophosphate As P - mg/l",2006
7/24/2006 8:29,,0.027,"Phosphorus, Orthophosphate As P",mg/l,GRBCML,GREAT BAY ESTUARY - COASTAL MARINE LABORATORY,"GRBCML - Phosphorus, Orthophosphate As P - mg/l",2006
7/24/2006 9:29,,0.028,"Phosphorus, Orthophosphate As P",mg/l,GRBCML,GREAT BAY ESTUARY - COASTAL MARINE LABORATORY,"GRBCML - Phosphorus, Orthophosphate As P - mg/l",2006
7/24/2006 12:10,,0.027,"Phosphorus, Orthophosphate As P",mg/l,GRBCML,GREAT BAY ESTUARY - COASTAL MARINE LABORATORY,"GRBCML - Phosphorus, Orthophosphate As P - mg/l",2006
7/24/2006 13:10,,0.029,"Phosphorus, Orthophosphate As P",mg/l,GRBCML,GREAT BAY ESTUARY - COASTAL MARINE LABORATORY,"GRBCML - Phosphorus, Orthophosphate As P - mg/l",2006
8/15/2006 9:39,,0.026,"Phosphorus, Orthophosphate As P",mg/l,GRBCML,GREAT BAY ESTUARY - COASTAL MARINE LABORATORY,"GRBCML - Phosphorus, Orthophosphate As P - mg/l",2006
8/15/2006 10:39,,0.026,"Phosphorus, Orthophosphate As P",mg/l,GRBCML,GREAT BAY ESTUARY - COASTAL MARINE LABORATORY,"GRBCML - Phosphorus, Orthophosphate As P - mg/l",2006
8/15/2006 14:21,,0.027,"Phosphorus, Orthophosphate As P",mg/l,GRBCML,GREAT BAY ESTUARY - COASTAL MARINE LABORATORY,"GRBCML - Phosphorus, Orthophosphate As P - mg/l",2006
8/15/2006 15:21,,0.027,"Phosphorus, Orthophosphate As P",mg/l,GRBCML,GREAT BAY ESTUARY - COASTAL MARINE LABORATORY,"GRBCML - Phosphorus, Orthophosphate As P - mg/l",2006
9/28/2006 8:58,,0.042,"Phosphorus, Orthophosphate As P",mg/l,GRBCML,GREAT BAY ESTUARY - COASTAL MARINE LABORATORY,"GRBCML - Phosphorus, Orthophosphate As P - mg/l",2006
9/28/2006 9:58,,0.042,"Phosphorus, Orthophosphate As P",mg/l,GRBCML,GREAT BAY ESTUARY - COASTAL MARINE LABORATORY,"GRBCML - Phosphorus, Orthophosphate As P - mg/l",2006
9/28/2006 13:40,,0.042,"Phosphorus, Orthophosphate As P",mg/l,GRBCML,GREAT BAY ESTUARY - COASTAL MARINE LABORATORY,"GRBCML - Phosphorus, Orthophosphate As P - mg/l",2006
9/28/2006 14:40,,0.043,"Phosphorus, Orthophosphate As P",mg/l,GRBCML,GREAT BAY ESTUARY - COASTAL MARINE LABORATORY,"GRBCML - Phosphorus, Orthophosphate As P - mg/l",2006
10/26/2006 8:07,,0.032,"Phosphorus, Orthophosphate As P",mg/l,GRBCML,GREAT BAY ESTUARY - COASTAL MARINE LABORATORY,"GRBCML - Phosphorus, Orthophosphate As P - mg/l",2006
10/26/2006 9:07,,0.02,"Phosphorus, Orthophosphate As P",mg/l,GRBCML,GREAT BAY ESTUARY - COASTAL MARINE LABORATORY,"GRBCML - Phosphorus, Orthophosphate As P - mg/l",2006
10/26/2006 13:10,,0.031,"Phosphorus, Orthophosphate As P",mg/l,GRBCML,GREAT BAY ESTUARY - COASTAL MARINE LABORATORY,"GRBCML - Phosphorus, Orthophosphate As P - mg/l",2006
10/26/2006 14:10,,0.031,"Phosphorus, Orthophosphate As P",mg/l,GRBCML,GREAT BAY ESTUARY - COASTAL MARINE LABORATORY,"GRBCML - Phosphorus, Orthophosphate As P - mg/l",2006
11/29/2006 9:24,,0.024,"Phosphorus, Orthophosphate As P",mg/l,GRBCML,GREAT BAY ESTUARY - COASTAL MARINE LABORATORY,"GRBCML - Phosphorus, Orthophosphate As P - mg/l",2006
11/29/2006 10:24,,0.023,"Phosphorus, Orthophosphate As P",mg/l,GRBCML,GREAT BAY ESTUARY - COASTAL MARINE LABORATORY,"GRBCML - Phosphorus, Orthophosphate As P - mg/l",2006
11/29/2006 14:05,,0.022,"Phosphorus, Orthophosphate As P",mg/l,GRBCML,GREAT BAY ESTUARY - COASTAL MARINE LABORATORY,"GRBCML - Phosphorus, Orthophosphate As P - mg/l",2006
4/26/2007 12:05,,0.019,"Phosphorus, Orthophosphate As P",mg/l,GRBCML,GREAT BAY ESTUARY - COASTAL MARINE LABORATORY,"GRBCML - Phosphorus, Orthophosphate As P - mg/l",2007
4/26/2007 13:05,,0.02,"Phosphorus, Orthophosphate As P",mg/l,GRBCML,GREAT BAY ESTUARY - COASTAL MARINE LABORATORY,"GRBCML - Phosphorus, Orthophosphate As P - mg/l",2007
5/22/2007 8:23,,0.009,"Phosphorus, Orthophosphate As P",mg/l,GRBCML,GREAT BAY ESTUARY - COASTAL MARINE LABORATORY,"GRBCML - Phosphorus, Orthophosphate As P - mg/l",2007
5/22/2007 9:23,,0.01,"Phosphorus, Orthophosphate As P",mg/l,GRBCML,GREAT BAY ESTUARY - COASTAL MARINE LABORATORY,"GRBCML - Phosphorus, Orthophosphate As P - mg/l",2007
5/22/2007 13:49,,0.013,"Phosphorus, Orthophosphate As P",mg/l,GRBCML,GREAT BAY ESTUARY - COASTAL MARINE LABORATORY,"GRBCML - Phosphorus, Orthophosphate As P - mg/l",2007
5/22/2007 14:49,,0.015,"Phosphorus, Orthophosphate As P",mg/l,GRBCML,GREAT BAY ESTUARY - COASTAL MARINE LABORATORY,"GRBCML - Phosphorus, Orthophosphate As P - mg/l",2007
6/12/2007 7:50,,0.015,"Phosphorus, Orthophosphate As P",mg/l,GRBCML,GREAT BAY ESTUARY - COASTAL MARINE LABORATORY,"GRBCML - Phosphorus, Orthophosphate As P - mg/l",2007
6/12/2007 8:50,,0.018,"Phosphorus, Orthophosphate As P",mg/l,GRBCML,GREAT BAY ESTUARY - COASTAL MARINE LABORATORY,"GRBCML - Phosphorus, Orthophosphate As P - mg/l",2007
6/12/2007 13:06,,0.015,"Phosphorus, Orthophosphate As P",mg/l,GRBCML,GREAT BAY ESTUARY - COASTAL MARINE LABORATORY,"GRBCML - Phosphorus, Orthophosphate As P - mg/l",2007
6/12/2007 14:06,,0.013,"Phosphorus, Orthophosphate As P",mg/l,GRBCML,GREAT BAY ESTUARY - COASTAL MARINE LABORATORY,"GRBCML - Phosphorus, Orthophosphate As P - mg/l",2007
7/18/2007 7:08,,0.02,"Phosphorus, Orthophosphate As P",mg/l,GRBCML,GREAT BAY ESTUARY - COASTAL MARINE LABORATORY,"GRBCML - Phosphorus, Orthophosphate As P - mg/l",2007
7/18/2007 8:08,,0.024,"Phosphorus, Orthophosphate As P",mg/l,GRBCML,GREAT BAY ESTUARY - COASTAL MARINE LABORATORY,"GRBCML - Phosphorus, Orthophosphate As P - mg/l",2007
7/18/2007 12:10,,0.03,"Phosphorus, Orthophosphate As P",mg/l,GRBCML,GREAT BAY ESTUARY - COASTAL MARINE LABORATORY,"GRBCML - Phosphorus, Orthophosphate As P - mg/l",2007
7/18/2007 13:10,,0.025,"Phosphorus, Orthophosphate As P",mg/l,GRBCML,GREAT BAY ESTUARY - COASTAL MARINE LABORATORY,"GRBCML - Phosphorus, Orthophosphate As P - mg/l",2007
8/15/2007 6:48,,0.021,"Phosphorus, Orthophosphate As P",mg/l,GRBCML,GREAT BAY ESTUARY - COASTAL MARINE LABORATORY,"GRBCML - Phosphorus, Orthophosphate As P - mg/l",2007
8/15/2007 7:48,,0.023,"Phosphorus, Orthophosphate As P",mg/l,GRBCML,GREAT BAY ESTUARY - COASTAL MARINE LABORATORY,"GRBCML - Phosphorus, Orthophosphate As P - mg/l",2007
8/15/2007 12:32,,0.009,"Phosphorus, Orthophosphate As P",mg/l,GRBCML,GREAT BAY ESTUARY - COASTAL MARINE LABORATORY,"GRBCML - Phosphorus, Orthophosphate As P - mg/l",2007
8/15/2007 13:32,,0.025,"Phosphorus, Orthophosphate As P",mg/l,GRBCML,GREAT BAY ESTUARY - COASTAL MARINE LABORATORY,"GRBCML - Phosphorus, Orthophosphate As P - mg/l",2007
9/25/2007 8:43,,0.025,"Phosphorus, Orthophosphate As P",mg/l,GRBCML,GREAT BAY ESTUARY - COASTAL MARINE LABORATORY,"GRBCML - Phosphorus, Orthophosphate As P - mg/l",2007
9/25/2007 9:43,,0.026,"Phosphorus, Orthophosphate As P",mg/l,GRBCML,GREAT BAY ESTUARY - COASTAL MARINE LABORATORY,"GRBCML - Phosphorus, Orthophosphate As P - mg/l",2007
9/25/2007 13:56,,0.022,"Phosphorus, Orthophosphate As P",mg/l,GRBCML,GREAT BAY ESTUARY - COASTAL MARINE LABORATORY,"GRBCML - Phosphorus, Orthophosphate As P - mg/l",2007
9/25/2007 14:56,,0.017,"Phosphorus, Orthophosphate As P",mg/l,GRBCML,GREAT BAY ESTUARY - COASTAL MARINE LABORATORY,"GRBCML - Phosphorus, Orthophosphate As P - mg/l",2007
10/31/2007 8:35,,0.038,"Phosphorus, Orthophosphate As P",mg/l,GRBCML,GREAT BAY ESTUARY - COASTAL MARINE LABORATORY,"GRBCML - Phosphorus, Orthophosphate As P - mg/l",2007
10/31/2007 9:35,,0.033,"Phosphorus, Orthophosphate As P",mg/l,GRBCML,GREAT BAY ESTUARY - COASTAL MARINE LABORATORY,"GRBCML - Phosphorus, Orthophosphate As P - mg/l",2007
10/31/2007 13:59,,0.026,"Phosphorus, Orthophosphate As P",mg/l,GRBCML,GREAT BAY ESTUARY - COASTAL MARINE LABORATORY,"GRBCML - Phosphorus, Orthophosphate As P - mg/l",2007
10/31/2007 14:59,,0.02,"Phosphorus, Orthophosphate As P",mg/l,GRBCML,GREAT BAY ESTUARY - COASTAL MARINE LABORATORY,"GRBCML - Phosphorus, Orthophosphate As P - mg/l",2007
11/28/2007 13:17,,0.029,"Phosphorus, Orthophosphate As P",mg/l,GRBCML,GREAT BAY ESTUARY - COASTAL MARINE LABORATORY,"GRBCML - Phosphorus, Orthophosphate As P - mg/l",2007
11/28/2007 14:17,,0.026,"Phosphorus, Orthophosphate As P",mg/l,GRBCML,GREAT BAY ESTUARY - COASTAL MARINE LABORATORY,"GRBCML - Phosphorus, Orthophosphate As P - mg/l",2007
12/18/2007 9:34,,0.032,"Phosphorus, Orthophosphate As P",mg/l,GRBCML,GREAT BAY ESTUARY - COASTAL MARINE LABORATORY,"GRBCML - Phosphorus, Orthophosphate As P - mg/l",2007
12/18/2007 10:34,,0.03,"Phosphorus, Orthophosphate As P",mg/l,GRBCML,GREAT BAY ESTUARY - COASTAL MARINE LABORATORY,"GRBCML - Phosphorus, Orthophosphate As P - mg/l",2007
12/18/2007 15:40,,0.035,"Phosphorus, Orthophosphate As P",mg/l,GRBCML,GREAT BAY ESTUARY - COASTAL MARINE LABORATORY,"GRBCML - Phosphorus, Orthophosphate As P - mg/l",2007
12/18/2007 16:40,,0.03,"Phosphorus, Orthophosphate As P",mg/l,GRBCML,GREAT BAY ESTUARY - COASTAL MARINE LABORATORY,"GRBCML - Phosphorus, Orthophosphate As P - mg/l",2007
4/16/2008 9:21,,0.012,"Phosphorus, Orthophosphate As P",mg/l,GRBCML,GREAT BAY ESTUARY - COASTAL MARINE LABORATORY,"GRBCML - Phosphorus, Orthophosphate As P - mg/l",2008
4/16/2008 10:21,,0.012,"Phosphorus, Orthophosphate As P",mg/l,GRBCML,GREAT BAY ESTUARY - COASTAL MARINE LABORATORY,"GRBCML - Phosphorus, Orthophosphate As P - mg/l",2008
4/16/2008 14:08,,0.01,"Phosphorus, Orthophosphate As P",mg/l,GRBCML,GREAT BAY ESTUARY - COASTAL MARINE LABORATORY,"GRBCML - Phosphorus, Orthophosphate As P - mg/l",2008
4/16/2008 15:08,,0.01,"Phosphorus, Orthophosphate As P",mg/l,GRBCML,GREAT BAY ESTUARY - COASTAL MARINE LABORATORY,"GRBCML - Phosphorus, Orthophosphate As P - mg/l",2008
5/14/2008 7:48,,0.009,"Phosphorus, Orthophosphate As P",mg/l,GRBCML,GREAT BAY ESTUARY - COASTAL MARINE LABORATORY,"GRBCML - Phosphorus, Orthophosphate As P - mg/l",2008
5/14/2008 8:48,,0.012,"Phosphorus, Orthophosphate As P",mg/l,GRBCML,GREAT BAY ESTUARY - COASTAL MARINE LABORATORY,"GRBCML - Phosphorus, Orthophosphate As P - mg/l",2008
5/14/2008 13:34,,0.011,"Phosphorus, Orthophosphate As P",mg/l,GRBCML,GREAT BAY ESTUARY - COASTAL MARINE LABORATORY,"GRBCML - Phosphorus, Orthophosphate As P - mg/l",2008
5/14/2008 14:34,,0.009,"Phosphorus, Orthophosphate As P",mg/l,GRBCML,GREAT BAY ESTUARY - COASTAL MARINE LABORATORY,"GRBCML - Phosphorus, Orthophosphate As P - mg/l",2008
6/18/2008 8:42,,0.027,"Phosphorus, Orthophosphate As P",mg/l,GRBCML,GREAT BAY ESTUARY - COASTAL MARINE LABORATORY,"GRBCML - Phosphorus, Orthophosphate As P - mg/l",2008
6/18/2008 12:30,,0.012,"Phosphorus, Orthophosphate As P",mg/l,GRBCML,GREAT BAY ESTUARY - COASTAL MARINE LABORATORY,"GRBCML - Phosphorus, Orthophosphate As P - mg/l",2008
7/29/2008 9:46,,0.008,"Phosphorus, Orthophosphate As P",mg/l,GRBCML,GREAT BAY ESTUARY - COASTAL MARINE LABORATORY,"GRBCML - Phosphorus, Orthophosphate As P - mg/l",2008
7/29/2008 10:46,,0.026,"Phosphorus, Orthophosphate As P",mg/l,GRBCML,GREAT BAY ESTUARY - COASTAL MARINE LABORATORY,"GRBCML - Phosphorus, Orthophosphate As P - mg/l",2008
7/29/2008 14:24,,0.022,"Phosphorus, Orthophosphate As P",mg/l,GRBCML,GREAT BAY ESTUARY - COASTAL MARINE LABORATORY,"GRBCML - Phosphorus, Orthophosphate As P - mg/l",2008
7/29/2008 15:24,,0.019,"Phosphorus, Orthophosphate As P",mg/l,GRBCML,GREAT BAY ESTUARY - COASTAL MARINE LABORATORY,"GRBCML - Phosphorus, Orthophosphate As P - mg/l",2008
8/20/2008 8:20,,0.015,"Phosphorus, Orthophosphate As P",mg/l,GRBCML,GREAT BAY ESTUARY - COASTAL MARINE LABORATORY,"GRBCML - Phosphorus, Orthophosphate As P - mg/l",2008
8/20/2008 9:20,,0.027,"Phosphorus, Orthophosphate As P",mg/l,GRBCML,GREAT BAY ESTUARY - COASTAL MARINE LABORATORY,"GRBCML - Phosphorus, Orthophosphate As P - mg/l",2008
8/20/2008 12:42,,0.022,"Phosphorus, Orthophosphate As P",mg/l,GRBCML,GREAT BAY ESTUARY - COASTAL MARINE LABORATORY,"GRBCML - Phosphorus, Orthophosphate As P - mg/l",2008
8/20/2008 13:42,,0.023,"Phosphorus, Orthophosphate As P",mg/l,GRBCML,GREAT BAY ESTUARY - COASTAL MARINE LABORATORY,"GRBCML - Phosphorus, Orthophosphate As P - mg/l",2008
9/9/2008 8:00,,0.024,"Phosphorus, Orthophosphate As P",mg/l,GRBCML,GREAT BAY ESTUARY - COASTAL MARINE LABORATORY,"GRBCML - Phosphorus, Orthophosphate As P - mg/l",2008
9/9/2008 9:00,,0.029,"Phosphorus, Orthophosphate As P",mg/l,GRBCML,GREAT BAY ESTUARY - COASTAL MARINE LABORATORY,"GRBCML - Phosphorus, Orthophosphate As P - mg/l",2008
9/9/2008 11:47,,0.024,"Phosphorus, Orthophosphate As P",mg/l,GRBCML,GREAT BAY ESTUARY - COASTAL MARINE LABORATORY,"GRBCML - Phosphorus, Orthophosphate As P - mg/l",2008
9/9/2008 12:47,,0.023,"Phosphorus, Orthophosphate As P",mg/l,GRBCML,GREAT BAY ESTUARY - COASTAL MARINE LABORATORY,"GRBCML - Phosphorus, Orthophosphate As P - mg/l",2008
10/13/2008 10:05,,0.029,"Phosphorus, Orthophosphate As P",mg/l,GRBCML,GREAT BAY ESTUARY - COASTAL MARINE LABORATORY,"GRBCML - Phosphorus, Orthophosphate As P - mg/l",2008
10/13/2008 11:05,,0.028,"Phosphorus, Orthophosphate As P",mg/l,GRBCML,GREAT BAY ESTUARY - COASTAL MARINE LABORATORY,"GRBCML - Phosphorus, Orthophosphate As P - mg/l",2008
10/13/2008 14:15,,0.024,"Phosphorus, Orthophosphate As P",mg/l,GRBCML,GREAT BAY ESTUARY - COASTAL MARINE LABORATORY,"GRBCML - Phosphorus, Orthophosphate As P - mg/l",2008
10/13/2008 15:15,,0.027,"Phosphorus, Orthophosphate As P",mg/l,GRBCML,GREAT BAY ESTUARY - COASTAL MARINE LABORATORY,"GRBCML - Phosphorus, Orthophosphate As P - mg/l",2008
11/12/2008 9:28,,0.028,"Phosphorus, Orthophosphate As P",mg/l,GRBCML,GREAT BAY ESTUARY - COASTAL MARINE LABORATORY,"GRBCML - Phosphorus, Orthophosphate As P - mg/l",2008
11/12/2008 10:28,,0.026,"Phosphorus, Orthophosphate As P",mg/l,GRBCML,GREAT BAY ESTUARY - COASTAL MARINE LABORATORY,"GRBCML - Phosphorus, Orthophosphate As P - mg/l",2008
11/12/2008 13:01,,0.028,"Phosphorus, Orthophosphate As P",mg/l,GRBCML,GREAT BAY ESTUARY - COASTAL MARINE LABORATORY,"GRBCML - Phosphorus, Orthophosphate As P - mg/l",2008
11/12/2008 14:01,,0.025,"Phosphorus, Orthophosphate As P",mg/l,GRBCML,GREAT BAY ESTUARY - COASTAL MARINE LABORATORY,"GRBCML - Phosphorus, Orthophosphate As P - mg/l",2008
12/17/2008 9:26,,0.01,"Phosphorus, Orthophosphate As P",mg/l,GRBCML,GREAT BAY ESTUARY - COASTAL MARINE LABORATORY,"GRBCML - Phosphorus, Orthophosphate As P - mg/l",2008
12/17/2008 10:26,,0.028,"Phosphorus, Orthophosphate As P",mg/l,GRBCML,GREAT BAY ESTUARY - COASTAL MARINE LABORATORY,"GRBCML - Phosphorus, Orthophosphate As P - mg/l",2008
12/17/2008 14:32,,0.021,"Phosphorus, Orthophosphate As P",mg/l,GRBCML,GREAT BAY ESTUARY - COASTAL MARINE LABORATORY,"GRBCML - Phosphorus, Orthophosphate As P - mg/l",2008
12/17/2008 15:32,,0.015,"Phosphorus, Orthophosphate As P",mg/l,GRBCML,GREAT BAY ESTUARY - COASTAL MARINE LABORATORY,"GRBCML - Phosphorus, Orthophosphate As P - mg/l",2008
4/27/2009 11:56,,0.006,"Phosphorus, Orthophosphate As P",mg/l,GRBCML,GREAT BAY ESTUARY - COASTAL MARINE LABORATORY,"GRBCML - Phosphorus, Orthophosphate As P - mg/l",2009
4/27/2009 12:56,,0.014,"Phosphorus, Orthophosphate As P",mg/l,GRBCML,GREAT BAY ESTUARY - COASTAL MARINE LABORATORY,"GRBCML - Phosphorus, Orthophosphate As P - mg/l",2009
4/27/2009 16:50,,0.007,"Phosphorus, Orthophosphate As P",mg/l,GRBCML,GREAT BAY ESTUARY - COASTAL MARINE LABORATORY,"GRBCML - Phosphorus, Orthophosphate As P - mg/l",2009
4/27/2009 17:50,,0.018,"Phosphorus, Orthophosphate As P",mg/l,GRBCML,GREAT BAY ESTUARY - COASTAL MARINE LABORATORY,"GRBCML - Phosphorus, Orthophosphate As P - mg/l",2009
5/20/2009 7:29,,0.021,"Phosphorus, Orthophosphate As P",mg/l,GRBCML,GREAT BAY ESTUARY - COASTAL MARINE LABORATORY,"GRBCML - Phosphorus, Orthophosphate As P - mg/l",2009
5/20/2009 8:29,,0.053,"Phosphorus, Orthophosphate As P",mg/l,GRBCML,GREAT BAY ESTUARY - COASTAL MARINE LABORATORY,"GRBCML - Phosphorus, Orthophosphate As P - mg/l",2009
5/20/2009 11:20,,0.018,"Phosphorus, Orthophosphate As P",mg/l,GRBCML,GREAT BAY ESTUARY - COASTAL MARINE LABORATORY,"GRBCML - Phosphorus, Orthophosphate As P - mg/l",2009
5/20/2009 12:20,,0.014,"Phosphorus, Orthophosphate As P",mg/l,GRBCML,GREAT BAY ESTUARY - COASTAL MARINE LABORATORY,"GRBCML - Phosphorus, Orthophosphate As P - mg/l",2009
6/25/2009 7:33,,0.018,"Phosphorus, Orthophosphate As P",mg/l,GRBCML,GREAT BAY ESTUARY - COASTAL MARINE LABORATORY,"GRBCML - Phosphorus, Orthophosphate As P - mg/l",2009
6/25/2009 12:32,,0.026,"Phosphorus, Orthophosphate As P",mg/l,GRBCML,GREAT BAY ESTUARY - COASTAL MARINE LABORATORY,"GRBCML - Phosphorus, Orthophosphate As P - mg/l",2009
7/13/2009 8:33,,0.044,"Phosphorus, Orthophosphate As P",mg/l,GRBCML,GREAT BAY ESTUARY - COASTAL MARINE LABORATORY,"GRBCML - Phosphorus, Orthophosphate As P - mg/l",2009
7/13/2009 13:34,,0.026,"Phosphorus, Orthophosphate As P",mg/l,GRBCML,GREAT BAY ESTUARY - COASTAL MARINE LABORATORY,"GRBCML - Phosphorus, Orthophosphate As P - mg/l",2009
8/20/2009 10:06,,0.029,"Phosphorus, Orthophosphate As P",mg/l,GRBCML,GREAT BAY ESTUARY - COASTAL MARINE LABORATORY,"GRBCML - Phosphorus, Orthophosphate As P - mg/l",2009
8/20/2009 15:31,,0.022,"Phosphorus, Orthophosphate As P",mg/l,GRBCML,GREAT BAY ESTUARY - COASTAL MARINE LABORATORY,"GRBCML - Phosphorus, Orthophosphate As P - mg/l",2009
9/17/2009 9:01,,0.034,"Phosphorus, Orthophosphate As P",mg/l,GRBCML,GREAT BAY ESTUARY - COASTAL MARINE LABORATORY,"GRBCML - Phosphorus, Orthophosphate As P - mg/l",2009
9/17/2009 14:26,,0.02,"Phosphorus, Orthophosphate As P",mg/l,GRBCML,GREAT BAY ESTUARY - COASTAL MARINE LABORATORY,"GRBCML - Phosphorus, Orthophosphate As P - mg/l",2009
10/29/2009 8:30,,0.022,"Phosphorus, Orthophosphate As P",mg/l,GRBCML,GREAT BAY ESTUARY - COASTAL MARINE LABORATORY,"GRBCML - Phosphorus, Orthophosphate As P - mg/l",2009
10/29/2009 13:00,,0.178,"Phosphorus, Orthophosphate As P",mg/l,GRBCML,GREAT BAY ESTUARY - COASTAL MARINE LABORATORY,"GRBCML - Phosphorus, Orthophosphate As P - mg/l",2009
11/13/2009 7:47,,0.046,"Phosphorus, Orthophosphate As P",mg/l,GRBCML,GREAT BAY ESTUARY - COASTAL MARINE LABORATORY,"GRBCML - Phosphorus, Orthophosphate As P - mg/l",2009
11/13/2009 12:15,,0.023,"Phosphorus, Orthophosphate As P",mg/l,GRBCML,GREAT BAY ESTUARY - COASTAL MARINE LABORATORY,"GRBCML - Phosphorus, Orthophosphate As P - mg/l",2009
12/21/2009 7:30,,0.031,"Phosphorus, Orthophosphate As P",mg/l,GRBCML,GREAT BAY ESTUARY - COASTAL MARINE LABORATORY,"GRBCML - Phosphorus, Orthophosphate As P - mg/l",2009
12/21/2009 12:10,,0.032,"Phosphorus, Orthophosphate As P",mg/l,GRBCML,GREAT BAY ESTUARY - COASTAL MARINE LABORATORY,"GRBCML - Phosphorus, Orthophosphate As P - mg/l",2009
4/26/2010 9:09,,0.017,"Phosphorus, Orthophosphate As P",mg/l,GRBCML,GREAT BAY ESTUARY - COASTAL MARINE LABORATORY,"GRBCML - Phosphorus, Orthophosphate As P - mg/l",2010
4/26/2010 10:09,,0.011,"Phosphorus, Orthophosphate As P",mg/l,GRBCML,GREAT BAY ESTUARY - COASTAL MARINE LABORATORY,"GRBCML - Phosphorus, Orthophosphate As P - mg/l",2010
4/26/2010 11:09,,0.011,"Phosphorus, Orthophosphate As P",mg/l,GRBCML,GREAT BAY ESTUARY - COASTAL MARINE LABORATORY,"GRBCML - Phosphorus, Orthophosphate As P - mg/l",2010
4/26/2010 14:50,,0.01,"Phosphorus, Orthophosphate As P",mg/l,GRBCML,GREAT BAY ESTUARY - COASTAL MARINE LABORATORY,"GRBCML - Phosphorus, Orthophosphate As P - mg/l",2010
5/28/2010 10:42,,0.014,"Phosphorus, Orthophosphate As P",mg/l,GRBCML,GREAT BAY ESTUARY - COASTAL MARINE LABORATORY,"GRBCML - Phosphorus, Orthophosphate As P - mg/l",2010
5/28/2010 15:26,,0.014,"Phosphorus, Orthophosphate As P",mg/l,GRBCML,GREAT BAY ESTUARY - COASTAL MARINE LABORATORY,"GRBCML - Phosphorus, Orthophosphate As P - mg/l",2010
6/15/2010 7:56,,0.012,"Phosphorus, Orthophosphate As P",mg/l,GRBCML,GREAT BAY ESTUARY - COASTAL MARINE LABORATORY,"GRBCML - Phosphorus, Orthophosphate As P - mg/l",2010
6/15/2010 11:39,,0.018,"Phosphorus, Orthophosphate As P",mg/l,GRBCML,GREAT BAY ESTUARY - COASTAL MARINE LABORATORY,"GRBCML - Phosphorus, Orthophosphate As P - mg/l",2010
6/15/2010 12:39,,0.016,"Phosphorus, Orthophosphate As P",mg/l,GRBCML,GREAT BAY ESTUARY - COASTAL MARINE LABORATORY,"GRBCML - Phosphorus, Orthophosphate As P - mg/l",2010
6/15/2010 13:39,,0.012,"Phosphorus, Orthophosphate As P",mg/l,GRBCML,GREAT BAY ESTUARY - COASTAL MARINE LABORATORY,"GRBCML - Phosphorus, Orthophosphate As P - mg/l",2010
7/28/2010 7:20,,0.015,"Phosphorus, Orthophosphate As P",mg/l,GRBCML,GREAT BAY ESTUARY - COASTAL MARINE LABORATORY,"GRBCML - Phosphorus, Orthophosphate As P - mg/l",2010
7/28/2010 8:20,,0.019,"Phosphorus, Orthophosphate As P",mg/l,GRBCML,GREAT BAY ESTUARY - COASTAL MARINE LABORATORY,"GRBCML - Phosphorus, Orthophosphate As P - mg/l",2010
7/28/2010 9:20,,0.019,"Phosphorus, Orthophosphate As P",mg/l,GRBCML,GREAT BAY ESTUARY - COASTAL MARINE LABORATORY,"GRBCML - Phosphorus, Orthophosphate As P - mg/l",2010
7/28/2010 11:46,,0.021,"Phosphorus, Orthophosphate As P",mg/l,GRBCML,GREAT BAY ESTUARY - COASTAL MARINE LABORATORY,"GRBCML - Phosphorus, Orthophosphate As P - mg/l",2010
8/23/2010 11:10,,0.025,"Phosphorus, Orthophosphate As P",mg/l,GRBCML,GREAT BAY ESTUARY - COASTAL MARINE LABORATORY,"GRBCML - Phosphorus, Orthophosphate As P - mg/l",2010
8/23/2010 15:30,,0.018,"Phosphorus, Orthophosphate As P",mg/l,GRBCML,GREAT BAY ESTUARY - COASTAL MARINE LABORATORY,"GRBCML - Phosphorus, Orthophosphate As P - mg/l",2010
9/28/2010 8:45,,0.029,"Phosphorus, Orthophosphate As P",mg/l,GRBCML,GREAT BAY ESTUARY - COASTAL MARINE LABORATORY,"GRBCML - Phosphorus, Orthophosphate As P - mg/l",2010
10/28/2010 8:45,,0.015,"Phosphorus, Orthophosphate As P",mg/l,GRBCML,GREAT BAY ESTUARY - COASTAL MARINE LABORATORY,"GRBCML - Phosphorus, Orthophosphate As P - mg/l",2010
10/28/2010 12:22,,0.035,"Phosphorus, Orthophosphate As P",mg/l,GRBCML,GREAT BAY ESTUARY - COASTAL MARINE LABORATORY,"GRBCML - Phosphorus, Orthophosphate As P - mg/l",2010
11/29/2010 10:42,,0.032,"Phosphorus, Orthophosphate As P",mg/l,GRBCML,GREAT BAY ESTUARY - COASTAL MARINE LABORATORY,"GRBCML - Phosphorus, Orthophosphate As P - mg/l",2010
11/29/2010 14:25,,0.033,"Phosphorus, Orthophosphate As P",mg/l,GRBCML,GREAT BAY ESTUARY - COASTAL MARINE LABORATORY,"GRBCML - Phosphorus, Orthophosphate As P - mg/l",2010
12/20/2010 9:39,,0.028,"Phosphorus, Orthophosphate As P",mg/l,GRBCML,GREAT BAY ESTUARY - COASTAL MARINE LABORATORY,"GRBCML - Phosphorus, Orthophosphate As P - mg/l",2010
12/20/2010 13:45,,0.029,"Phosphorus, Orthophosphate As P",mg/l,GRBCML,GREAT BAY ESTUARY - COASTAL MARINE LABORATORY,"GRBCML - Phosphorus, Orthophosphate As P - mg/l",2010
12/20/2010 14:45,,0.031,"Phosphorus, Orthophosphate As P",mg/l,GRBCML,GREAT BAY ESTUARY - COASTAL MARINE LABORATORY,"GRBCML - Phosphorus, Orthophosphate As P - mg/l",2010
12/20/2010 15:45,,0.032,"Phosphorus, Orthophosphate As P",mg/l,GRBCML,GREAT BAY ESTUARY - COASTAL MARINE LABORATORY,"GRBCML - Phosphorus, Orthophosphate As P - mg/l",2010
4/25/2011 10:10,,0.008,"Phosphorus, Orthophosphate As P",mg/l,GRBCML,GREAT BAY ESTUARY - COASTAL MARINE LABORATORY,"GRBCML - Phosphorus, Orthophosphate As P - mg/l",2011
4/25/2011 11:10,,0.013,"Phosphorus, Orthophosphate As P",mg/l,GRBCML,GREAT BAY ESTUARY - COASTAL MARINE LABORATORY,"GRBCML - Phosphorus, Orthophosphate As P - mg/l",2011
4/25/2011 12:10,,0.01,"Phosphorus, Orthophosphate As P",mg/l,GRBCML,GREAT BAY ESTUARY - COASTAL MARINE LABORATORY,"GRBCML - Phosphorus, Orthophosphate As P - mg/l",2011
4/25/2011 15:40,,0.007,"Phosphorus, Orthophosphate As P",mg/l,GRBCML,GREAT BAY ESTUARY - COASTAL MARINE LABORATORY,"GRBCML - Phosphorus, Orthophosphate As P - mg/l",2011
5/31/2011 15:00,,0.011,"Phosphorus, Orthophosphate As P",mg/l,GRBCML,GREAT BAY ESTUARY - COASTAL MARINE LABORATORY,"GRBCML - Phosphorus, Orthophosphate As P - mg/l",2011
5/31/2011 17:00,,0.012,"Phosphorus, Orthophosphate As P",mg/l,GRBCML,GREAT BAY ESTUARY - COASTAL MARINE LABORATORY,"GRBCML - Phosphorus, Orthophosphate As P - mg/l",2011
6/29/2011 10:09,,0.013,"Phosphorus, Orthophosphate As P",mg/l,GRBCML,GREAT BAY ESTUARY - COASTAL MARINE LABORATORY,"GRBCML - Phosphorus, Orthophosphate As P - mg/l",2011
6/29/2011 11:09,,0.014,"Phosphorus, Orthophosphate As P",mg/l,GRBCML,GREAT BAY ESTUARY - COASTAL MARINE LABORATORY,"GRBCML - Phosphorus, Orthophosphate As P - mg/l",2011
6/29/2011 12:09,,0.014,"Phosphorus, Orthophosphate As P",mg/l,GRBCML,GREAT BAY ESTUARY - COASTAL MARINE LABORATORY,"GRBCML - Phosphorus, Orthophosphate As P - mg/l",2011
6/29/2011 13:10,,0.007,"Phosphorus, Orthophosphate As P",mg/l,GRBCML,GREAT BAY ESTUARY - COASTAL MARINE LABORATORY,"GRBCML - Phosphorus, Orthophosphate As P - mg/l",2011
7/13/2011 9:45,,0.017,"Phosphorus, Orthophosphate As P",mg/l,GRBCML,GREAT BAY ESTUARY - COASTAL MARINE LABORATORY,"GRBCML - Phosphorus, Orthophosphate As P - mg/l",2011
7/13/2011 10:45,,0.018,"Phosphorus, Orthophosphate As P",mg/l,GRBCML,GREAT BAY ESTUARY - COASTAL MARINE LABORATORY,"GRBCML - Phosphorus, Orthophosphate As P - mg/l",2011
7/13/2011 11:45,,0.018,"Phosphorus, Orthophosphate As P",mg/l,GRBCML,GREAT BAY ESTUARY - COASTAL MARINE LABORATORY,"GRBCML - Phosphorus, Orthophosphate As P - mg/l",2011
7/13/2011 14:40,,0.011,"Phosphorus, Orthophosphate As P",mg/l,GRBCML,GREAT BAY ESTUARY - COASTAL MARINE LABORATORY,"GRBCML - Phosphorus, Orthophosphate As P - mg/l",2011
8/10/2011 8:49,,0.016,"Phosphorus, Orthophosphate As P",mg/l,GRBCML,GREAT BAY ESTUARY - COASTAL MARINE LABORATORY,"GRBCML - Phosphorus, Orthophosphate As P - mg/l",2011
8/10/2011 9:49,,0.016,"Phosphorus, Orthophosphate As P",mg/l,GRBCML,GREAT BAY ESTUARY - COASTAL MARINE LABORATORY,"GRBCML - Phosphorus, Orthophosphate As P - mg/l",2011
8/10/2011 10:49,,0.019,"Phosphorus, Orthophosphate As P",mg/l,GRBCML,GREAT BAY ESTUARY - COASTAL MARINE LABORATORY,"GRBCML - Phosphorus, Orthophosphate As P - mg/l",2011
8/10/2011 13:02,,0.013,"Phosphorus, Orthophosphate As P",mg/l,GRBCML,GREAT BAY ESTUARY - COASTAL MARINE LABORATORY,"GRBCML - Phosphorus, Orthophosphate As P - mg/l",2011
9/27/2011 14:45,,0.022,"Phosphorus, Orthophosphate As P",mg/l,GRBCML,GREAT BAY ESTUARY - COASTAL MARINE LABORATORY,"GRBCML - Phosphorus, Orthophosphate As P - mg/l",2011
10/26/2011 9:40,,0.028,"Phosphorus, Orthophosphate As P",mg/l,GRBCML,GREAT BAY ESTUARY - COASTAL MARINE LABORATORY,"GRBCML - Phosphorus, Orthophosphate As P - mg/l",2011
10/26/2011 10:40,,0.027,"Phosphorus, Orthophosphate As P",mg/l,GRBCML,GREAT BAY ESTUARY - COASTAL MARINE LABORATORY,"GRBCML - Phosphorus, Orthophosphate As P - mg/l",2011
10/26/2011 11:40,,0.027,"Phosphorus, Orthophosphate As P",mg/l,GRBCML,GREAT BAY ESTUARY - COASTAL MARINE LABORATORY,"GRBCML - Phosphorus, Orthophosphate As P - mg/l",2011
10/26/2011 14:35,,0.021,"Phosphorus, Orthophosphate As P",mg/l,GRBCML,GREAT BAY ESTUARY - COASTAL MARINE LABORATORY,"GRBCML - Phosphorus, Orthophosphate As P - mg/l",2011
11/16/2011 8:30,,0.026,"Phosphorus, Orthophosphate As P",mg/l,GRBCML,GREAT BAY ESTUARY - COASTAL MARINE LABORATORY,"GRBCML - Phosphorus, Orthophosphate As P - mg/l",2011
12/20/2011 10:35,,0.027,"Phosphorus, Orthophosphate As P",mg/l,GRBCML,GREAT BAY ESTUARY - COASTAL MARINE LABORATORY,"GRBCML - Phosphorus, Orthophosphate As P - mg/l",2011
4/26/2012 9:40,,0.015,"Phosphorus, Orthophosphate As P",mg/l,GRBCML,GREAT BAY ESTUARY - COASTAL MARINE LABORATORY,"GRBCML - Phosphorus, Orthophosphate As P - mg/l",2012
4/26/2012 15:00,,0.016,"Phosphorus, Orthophosphate As P",mg/l,GRBCML,GREAT BAY ESTUARY - COASTAL MARINE LABORATORY,"GRBCML - Phosphorus, Orthophosphate As P - mg/l",2012
4/26/2012 16:00,,0.015,"Phosphorus, Orthophosphate As P",mg/l,GRBCML,GREAT BAY ESTUARY - COASTAL MARINE LABORATORY,"GRBCML - Phosphorus, Orthophosphate As P - mg/l",2012
4/26/2012 17:00,,0.016,"Phosphorus, Orthophosphate As P",mg/l,GRBCML,GREAT BAY ESTUARY - COASTAL MARINE LABORATORY,"GRBCML - Phosphorus, Orthophosphate As P - mg/l",2012
5/31/2012 11:52,,0.009,"Phosphorus, Orthophosphate As P",mg/l,GRBCML,GREAT BAY ESTUARY - COASTAL MARINE LABORATORY,"GRBCML - Phosphorus, Orthophosphate As P - mg/l",2012
6/27/2012 11:40,,0.015,"Phosphorus, Orthophosphate As P",mg/l,GRBCML,GREAT BAY ESTUARY - COASTAL MARINE LABORATORY,"GRBCML - Phosphorus, Orthophosphate As P - mg/l",2012
6/27/2012 12:40,,0.015,"Phosphorus, Orthophosphate As P",mg/l,GRBCML,GREAT BAY ESTUARY - COASTAL MARINE LABORATORY,"GRBCML - Phosphorus, Orthophosphate As P - mg/l",2012
6/27/2012 13:40,,0.016,"Phosphorus, Orthophosphate As P",mg/l,GRBCML,GREAT BAY ESTUARY - COASTAL MARINE LABORATORY,"GRBCML - Phosphorus, Orthophosphate As P - mg/l",2012
6/27/2012 14:50,,0.017,"Phosphorus, Orthophosphate As P",mg/l,GRBCML,GREAT BAY ESTUARY - COASTAL MARINE LABORATORY,"GRBCML - Phosphorus, Orthophosphate As P - mg/l",2012
7/16/2012 10:42,,0.022,"Phosphorus, Orthophosphate As P",mg/l,GRBCML,GREAT BAY ESTUARY - COASTAL MARINE LABORATORY,"GRBCML - Phosphorus, Orthophosphate As P - mg/l",2012
7/16/2012 11:42,,0.015,"Phosphorus, Orthophosphate As P",mg/l,GRBCML,GREAT BAY ESTUARY - COASTAL MARINE LABORATORY,"GRBCML - Phosphorus, Orthophosphate As P - mg/l",2012
7/16/2012 12:42,,0.019,"Phosphorus, Orthophosphate As P",mg/l,GRBCML,GREAT BAY ESTUARY - COASTAL MARINE LABORATORY,"GRBCML - Phosphorus, Orthophosphate As P - mg/l",2012
7/16/2012 15:00,,0.009,"Phosphorus, Orthophosphate As P",mg/l,GRBCML,GREAT BAY ESTUARY - COASTAL MARINE LABORATORY,"GRBCML - Phosphorus, Orthophosphate As P - mg/l",2012
8/29/2012 9:15,,0.033,"Phosphorus, Orthophosphate As P",mg/l,GRBCML,GREAT BAY ESTUARY - COASTAL MARINE LABORATORY,"GRBCML - Phosphorus, Orthophosphate As P - mg/l",2012
8/29/2012 10:15,,0.032,"Phosphorus, Orthophosphate As P",mg/l,GRBCML,GREAT BAY ESTUARY - COASTAL MARINE LABORATORY,"GRBCML - Phosphorus, Orthophosphate As P - mg/l",2012
8/29/2012 11:15,,0.027,"Phosphorus, Orthophosphate As P",mg/l,GRBCML,GREAT BAY ESTUARY - COASTAL MARINE LABORATORY,"GRBCML - Phosphorus, Orthophosphate As P - mg/l",2012
8/29/2012 15:30,,0.024,"Phosphorus, Orthophosphate As P",mg/l,GRBCML,GREAT BAY ESTUARY - COASTAL MARINE LABORATORY,"GRBCML - Phosphorus, Orthophosphate As P - mg/l",2012
9/25/2012 8:27,,0.019,"Phosphorus, Orthophosphate As P",mg/l,GRBCML,GREAT BAY ESTUARY - COASTAL MARINE LABORATORY,"GRBCML - Phosphorus, Orthophosphate As P - mg/l",2012
9/25/2012 9:27,,0.014,"Phosphorus, Orthophosphate As P",mg/l,GRBCML,GREAT BAY ESTUARY - COASTAL MARINE LABORATORY,"GRBCML - Phosphorus, Orthophosphate As P - mg/l",2012
9/25/2012 10:27,,0.017,"Phosphorus, Orthophosphate As P",mg/l,GRBCML,GREAT BAY ESTUARY - COASTAL MARINE LABORATORY,"GRBCML - Phosphorus, Orthophosphate As P - mg/l",2012
9/25/2012 13:30,,0.034,"Phosphorus, Orthophosphate As P",mg/l,GRBCML,GREAT BAY ESTUARY - COASTAL MARINE LABORATORY,"GRBCML - Phosphorus, Orthophosphate As P - mg/l",2012
10/25/2012 8:45,,0.023,"Phosphorus, Orthophosphate As P",mg/l,GRBCML,GREAT BAY ESTUARY - COASTAL MARINE LABORATORY,"GRBCML - Phosphorus, Orthophosphate As P - mg/l",2012
10/25/2012 9:45,,0.023,"Phosphorus, Orthophosphate As P",mg/l,GRBCML,GREAT BAY ESTUARY - COASTAL MARINE LABORATORY,"GRBCML - Phosphorus, Orthophosphate As P - mg/l",2012
10/25/2012 10:45,,0.023,"Phosphorus, Orthophosphate As P",mg/l,GRBCML,GREAT BAY ESTUARY - COASTAL MARINE LABORATORY,"GRBCML - Phosphorus, Orthophosphate As P - mg/l",2012
10/25/2012 12:05,,0.021,"Phosphorus, Orthophosphate As P",mg/l,GRBCML,GREAT BAY ESTUARY - COASTAL MARINE LABORATORY,"GRBCML - Phosphorus, Orthophosphate As P - mg/l",2012
11/27/2012 9:45,,0.021,"Phosphorus, Orthophosphate As P",mg/l,GRBCML,GREAT BAY ESTUARY - COASTAL MARINE LABORATORY,"GRBCML - Phosphorus, Orthophosphate As P - mg/l",2012
11/27/2012 10:45,,0.023,"Phosphorus, Orthophosphate As P",mg/l,GRBCML,GREAT BAY ESTUARY - COASTAL MARINE LABORATORY,"GRBCML - Phosphorus, Orthophosphate As P - mg/l",2012
11/27/2012 11:45,,0.025,"Phosphorus, Orthophosphate As P",mg/l,GRBCML,GREAT BAY ESTUARY - COASTAL MARINE LABORATORY,"GRBCML - Phosphorus, Orthophosphate As P - mg/l",2012
11/27/2012 14:10,,0.02,"Phosphorus, Orthophosphate As P",mg/l,GRBCML,GREAT BAY ESTUARY - COASTAL MARINE LABORATORY,"GRBCML - Phosphorus, Orthophosphate As P - mg/l",2012
12/18/2012 9:38,,0.018,"Phosphorus, Orthophosphate As P",mg/l,GRBCML,GREAT BAY ESTUARY - COASTAL MARINE LABORATORY,"GRBCML - Phosphorus, Orthophosphate As P - mg/l",2012
12/18/2012 10:38,,0.02,"Phosphorus, Orthophosphate As P",mg/l,GRBCML,GREAT BAY ESTUARY - COASTAL MARINE LABORATORY,"GRBCML - Phosphorus, Orthophosphate As P - mg/l",2012
12/18/2012 14:00,,0.019,"Phosphorus, Orthophosphate As P",mg/l,GRBCML,GREAT BAY ESTUARY - COASTAL MARINE LABORATORY,"GRBCML - Phosphorus, Orthophosphate As P - mg/l",2012
4/24/2013 14:15,,0.008,"Phosphorus, Orthophosphate As P",mg/l,GRBCML,GREAT BAY ESTUARY - COASTAL MARINE LABORATORY,"GRBCML - Phosphorus, Orthophosphate As P - mg/l",2013
5/6/2013 9:00,,0.005,"Phosphorus, Orthophosphate As P",mg/l,GRBCML,GREAT BAY ESTUARY - COASTAL MARINE LABORATORY,"GRBCML - Phosphorus, Orthophosphate As P - mg/l",2013
5/6/2013 13:20,,0.007,"Phosphorus, Orthophosphate As P",mg/l,GRBCML,GREAT BAY ESTUARY - COASTAL MARINE LABORATORY,"GRBCML - Phosphorus, Orthophosphate As P - mg/l",2013
6/6/2013 10:20,,0.016,"Phosphorus, Orthophosphate As P",mg/l,GRBCML,GREAT BAY ESTUARY - COASTAL MARINE LABORATORY,"GRBCML - Phosphorus, Orthophosphate As P - mg/l",2013
6/6/2013 14:30,,0.011,"Phosphorus, Orthophosphate As P",mg/l,GRBCML,GREAT BAY ESTUARY - COASTAL MARINE LABORATORY,"GRBCML - Phosphorus, Orthophosphate As P - mg/l",2013
7/15/2013 10:17,,0.015,"Phosphorus, Orthophosphate As P",mg/l,GRBCML,GREAT BAY ESTUARY - COASTAL MARINE LABORATORY,"GRBCML - Phosphorus, Orthophosphate As P - mg/l",2013
7/15/2013 15:05,,0.021,"Phosphorus, Orthophosphate As P",mg/l,GRBCML,GREAT BAY ESTUARY - COASTAL MARINE LABORATORY,"GRBCML - Phosphorus, Orthophosphate As P - mg/l",2013
8/7/2013 12:17,,0.016,"Phosphorus, Orthophosphate As P",mg/l,GRBCML,GREAT BAY ESTUARY - COASTAL MARINE LABORATORY,"GRBCML - Phosphorus, Orthophosphate As P - mg/l",2013
8/7/2013 15:55,,0.013,"Phosphorus, Orthophosphate As P",mg/l,GRBCML,GREAT BAY ESTUARY - COASTAL MARINE LABORATORY,"GRBCML - Phosphorus, Orthophosphate As P - mg/l",2013
8/7/2013 15:56,,0.013,"Phosphorus, Orthophosphate As P",mg/l,GRBCML,GREAT BAY ESTUARY - COASTAL MARINE LABORATORY,"GRBCML - Phosphorus, Orthophosphate As P - mg/l",2013
8/7/2013 15:57,,0.013,"Phosphorus, Orthophosphate As P",mg/l,GRBCML,GREAT BAY ESTUARY - COASTAL MARINE LABORATORY,"GRBCML - Phosphorus, Orthophosphate As P - mg/l",2013
9/5/2013 11:35,,0.024,"Phosphorus, Orthophosphate As P",mg/l,GRBCML,GREAT BAY ESTUARY - COASTAL MARINE LABORATORY,"GRBCML - Phosphorus, Orthophosphate As P - mg/l",2013
9/5/2013 16:05,,0.016,"Phosphorus, Orthophosphate As P",mg/l,GRBCML,GREAT BAY ESTUARY - COASTAL MARINE LABORATORY,"GRBCML - Phosphorus, Orthophosphate As P - mg/l",2013
10/17/2013 10:27,,0.021,"Phosphorus, Orthophosphate As P",mg/l,GRBCML,GREAT BAY ESTUARY - COASTAL MARINE LABORATORY,"GRBCML - Phosphorus, Orthophosphate As P - mg/l",2013
10/17/2013 16:00,,0.015,"Phosphorus, Orthophosphate As P",mg/l,GRBCML,GREAT BAY ESTUARY - COASTAL MARINE LABORATORY,"GRBCML - Phosphorus, Orthophosphate As P - mg/l",2013
11/19/2013 11:05,,0.031,"Phosphorus, Orthophosphate As P",mg/l,GRBCML,GREAT BAY ESTUARY - COASTAL MARINE LABORATORY,"GRBCML - Phosphorus, Orthophosphate As P - mg/l",2013
11/19/2013 16:09,,0.03,"Phosphorus, Orthophosphate As P",mg/l,GRBCML,GREAT BAY ESTUARY - COASTAL MARINE LABORATORY,"GRBCML - Phosphorus, Orthophosphate As P - mg/l",2013
12/16/2013 10:25,,0.028,"Phosphorus, Orthophosphate As P",mg/l,GRBCML,GREAT BAY ESTUARY - COASTAL MARINE LABORATORY,"GRBCML - Phosphorus, Orthophosphate As P - mg/l",2013
12/16/2013 10:26,,0.025,"Phosphorus, Orthophosphate As P",mg/l,GRBCML,GREAT BAY ESTUARY - COASTAL MARINE LABORATORY,"GRBCML - Phosphorus, Orthophosphate As P - mg/l",2013
12/16/2013 10:27,,0.026,"Phosphorus, Orthophosphate As P",mg/l,GRBCML,GREAT BAY ESTUARY - COASTAL MARINE LABORATORY,"GRBCML - Phosphorus, Orthophosphate As P - mg/l",2013
12/16/2013 15:26,,0.029,"Phosphorus, Orthophosphate As P",mg/l,GRBCML,GREAT BAY ESTUARY - COASTAL MARINE LABORATORY,"GRBCML - Phosphorus, Orthophosphate As P - mg/l",2013
4/14/2014 11:17,,0.009,"Phosphorus, Orthophosphate As P",mg/l,GRBCML,GREAT BAY ESTUARY - COASTAL MARINE LABORATORY,"GRBCML - Phosphorus, Orthophosphate As P - mg/l",2014
4/14/2014 11:18,,0.013,"Phosphorus, Orthophosphate As P",mg/l,GRBCML,GREAT BAY ESTUARY - COASTAL MARINE LABORATORY,"GRBCML - Phosphorus, Orthophosphate As P - mg/l",2014
4/14/2014 11:19,,0.009,"Phosphorus, Orthophosphate As P",mg/l,GRBCML,GREAT BAY ESTUARY - COASTAL MARINE LABORATORY,"GRBCML - Phosphorus, Orthophosphate As P - mg/l",2014
4/14/2014 15:48,,0.015,"Phosphorus, Orthophosphate As P",mg/l,GRBCML,GREAT BAY ESTUARY - COASTAL MARINE LABORATORY,"GRBCML - Phosphorus, Orthophosphate As P - mg/l",2014
5/20/2014 10:17,,0.013,"Phosphorus, Orthophosphate As P",mg/l,GRBCML,GREAT BAY ESTUARY - COASTAL MARINE LABORATORY,"GRBCML - Phosphorus, Orthophosphate As P - mg/l",2014
5/20/2014 14:40,,0.013,"Phosphorus, Orthophosphate As P",mg/l,GRBCML,GREAT BAY ESTUARY - COASTAL MARINE LABORATORY,"GRBCML - Phosphorus, Orthophosphate As P - mg/l",2014
6/24/2014 9:50,,0.011,"Phosphorus, Orthophosphate As P",mg/l,GRBCML,GREAT BAY ESTUARY - COASTAL MARINE LABORATORY,"GRBCML - Phosphorus, Orthophosphate As P - mg/l",2014
6/24/2014 14:40,,0.012,"Phosphorus, Orthophosphate As P",mg/l,GRBCML,GREAT BAY ESTUARY - COASTAL MARINE LABORATORY,"GRBCML - Phosphorus, Orthophosphate As P - mg/l",2014
7/23/2014 9:46,,0.02,"Phosphorus, Orthophosphate As P",mg/l,GRBCML,GREAT BAY ESTUARY - COASTAL MARINE LABORATORY,"GRBCML - Phosphorus, Orthophosphate As P - mg/l",2014
7/23/2014 13:52,,0.012,"Phosphorus, Orthophosphate As P",mg/l,GRBCML,GREAT BAY ESTUARY - COASTAL MARINE LABORATORY,"GRBCML - Phosphorus, Orthophosphate As P - mg/l",2014
8/12/2014 13:11,,0.021,"Phosphorus, Orthophosphate As P",mg/l,GRBCML,GREAT BAY ESTUARY - COASTAL MARINE LABORATORY,"GRBCML - Phosphorus, Orthophosphate As P - mg/l",2014
8/12/2014 16:10,,0.016,"Phosphorus, Orthophosphate As P",mg/l,GRBCML,GREAT BAY ESTUARY - COASTAL MARINE LABORATORY,"GRBCML - Phosphorus, Orthophosphate As P - mg/l",2014
9/8/2014 10:50,,0.026,"Phosphorus, Orthophosphate As P",mg/l,GRBCML,GREAT BAY ESTUARY - COASTAL MARINE LABORATORY,"GRBCML - Phosphorus, Orthophosphate As P - mg/l",2014
9/8/2014 15:23,,0.022,"Phosphorus, Orthophosphate As P",mg/l,GRBCML,GREAT BAY ESTUARY - COASTAL MARINE LABORATORY,"GRBCML - Phosphorus, Orthophosphate As P - mg/l",2014
9/8/2014 15:24,,0.019,"Phosphorus, Orthophosphate As P",mg/l,GRBCML,GREAT BAY ESTUARY - COASTAL MARINE LABORATORY,"GRBCML - Phosphorus, Orthophosphate As P - mg/l",2014
9/8/2014 15:25,,0.023,"Phosphorus, Orthophosphate As P",mg/l,GRBCML,GREAT BAY ESTUARY - COASTAL MARINE LABORATORY,"GRBCML - Phosphorus, Orthophosphate As P - mg/l",2014
10/7/2014 10:36,,0.017,"Phosphorus, Orthophosphate As P",mg/l,GRBCML,GREAT BAY ESTUARY - COASTAL MARINE LABORATORY,"GRBCML - Phosphorus, Orthophosphate As P - mg/l",2014
10/7/2014 16:07,,0.017,"Phosphorus, Orthophosphate As P",mg/l,GRBCML,GREAT BAY ESTUARY - COASTAL MARINE LABORATORY,"GRBCML - Phosphorus, Orthophosphate As P - mg/l",2014
11/24/2014 11:43,,0.018,"Phosphorus, Orthophosphate As P",mg/l,GRBCML,GREAT BAY ESTUARY - COASTAL MARINE LABORATORY,"GRBCML - Phosphorus, Orthophosphate As P - mg/l",2014
11/24/2014 17:05,,0.02,"Phosphorus, Orthophosphate As P",mg/l,GRBCML,GREAT BAY ESTUARY - COASTAL MARINE LABORATORY,"GRBCML - Phosphorus, Orthophosphate As P - mg/l",2014
12/16/2014 12:14,,0.021,"Phosphorus, Orthophosphate As P",mg/l,GRBCML,GREAT BAY ESTUARY - COASTAL MARINE LABORATORY,"GRBCML - Phosphorus, Orthophosphate As P - mg/l",2014
12/16/2014 16:22,,0.023,"Phosphorus, Orthophosphate As P",mg/l,GRBCML,GREAT BAY ESTUARY - COASTAL MARINE LABORATORY,"GRBCML - Phosphorus, Orthophosphate As P - mg/l",2014
4/20/2015 12:58,,0.006,"Phosphorus, Orthophosphate As P",mg/l,GRBCML,GREAT BAY ESTUARY - COASTAL MARINE LABORATORY,"GRBCML - Phosphorus, Orthophosphate As P - mg/l",2015
4/20/2015 16:30,,0.014,"Phosphorus, Orthophosphate As P",mg/l,GRBCML,GREAT BAY ESTUARY - COASTAL MARINE LABORATORY,"GRBCML - Phosphorus, Orthophosphate As P - mg/l",2015
4/20/2015 16:31,,0.011,"Phosphorus, Orthophosphate As P",mg/l,GRBCML,GREAT BAY ESTUARY - COASTAL MARINE LABORATORY,"GRBCML - Phosphorus, Orthophosphate As P - mg/l",2015
6/1/2015 11:10,,0.015,"Phosphorus, Orthophosphate As P",mg/l,GRBCML,GREAT BAY ESTUARY - COASTAL MARINE LABORATORY,"GRBCML - Phosphorus, Orthophosphate As P - mg/l",2015
6/1/2015 15:02,,0.011,"Phosphorus, Orthophosphate As P",mg/l,GRBCML,GREAT BAY ESTUARY - COASTAL MARINE LABORATORY,"GRBCML - Phosphorus, Orthophosphate As P - mg/l",2015
7/2/2015 12:17,,0.014,"Phosphorus, Orthophosphate As P",mg/l,GRBCML,GREAT BAY ESTUARY - COASTAL MARINE LABORATORY,"GRBCML - Phosphorus, Orthophosphate As P - mg/l",2015
7/2/2015 12:18,,0.012,"Phosphorus, Orthophosphate As P",mg/l,GRBCML,GREAT BAY ESTUARY - COASTAL MARINE LABORATORY,"GRBCML - Phosphorus, Orthophosphate As P - mg/l",2015
7/2/2015 12:19,,0.013,"Phosphorus, Orthophosphate As P",mg/l,GRBCML,GREAT BAY ESTUARY - COASTAL MARINE LABORATORY,"GRBCML - Phosphorus, Orthophosphate As P - mg/l",2015
7/2/2015 16:05,,0.007,"Phosphorus, Orthophosphate As P",mg/l,GRBCML,GREAT BAY ESTUARY - COASTAL MARINE LABORATORY,"GRBCML - Phosphorus, Orthophosphate As P - mg/l",2015
8/6/2015 10:46,,0.015,"Phosphorus, Orthophosphate As P",mg/l,GRBCML,GREAT BAY ESTUARY - COASTAL MARINE LABORATORY,"GRBCML - Phosphorus, Orthophosphate As P - mg/l",2015
8/6/2015 14:25,,0.016,"Phosphorus, Orthophosphate As P",mg/l,GRBCML,GREAT BAY ESTUARY - COASTAL MARINE LABORATORY,"GRBCML - Phosphorus, Orthophosphate As P - mg/l",2015
9/3/2015 9:15,,0.015,"Phosphorus, Orthophosphate As P",mg/l,GRBCML,GREAT BAY ESTUARY - COASTAL MARINE LABORATORY,"GRBCML - Phosphorus, Orthophosphate As P - mg/l",2015
9/3/2015 13:41,,0.018,"Phosphorus, Orthophosphate As P",mg/l,GRBCML,GREAT BAY ESTUARY - COASTAL MARINE LABORATORY,"GRBCML - Phosphorus, Orthophosphate As P - mg/l",2015
10/27/2015 11:14,,0.019,"Phosphorus, Orthophosphate As P",mg/l,GRBCML,GREAT BAY ESTUARY - COASTAL MARINE LABORATORY,"GRBCML - Phosphorus, Orthophosphate As P - mg/l",2015
10/27/2015 15:24,,0.02,"Phosphorus, Orthophosphate As P",mg/l,GRBCML,GREAT BAY ESTUARY - COASTAL MARINE LABORATORY,"GRBCML - Phosphorus, Orthophosphate As P - mg/l",2015
11/24/2015 8:55,,0.019,"Phosphorus, Orthophosphate As P",mg/l,GRBCML,GREAT BAY ESTUARY - COASTAL MARINE LABORATORY,"GRBCML - Phosphorus, Orthophosphate As P - mg/l",2015
11/24/2015 13:50,,0.02,"Phosphorus, Orthophosphate As P",mg/l,GRBCML,GREAT BAY ESTUARY - COASTAL MARINE LABORATORY,"GRBCML - Phosphorus, Orthophosphate As P - mg/l",2015
12/17/2015 9:15,,0.02,"Phosphorus, Orthophosphate As P",mg/l,GRBCML,GREAT BAY ESTUARY - COASTAL MARINE LABORATORY,"GRBCML - Phosphorus, Orthophosphate As P - mg/l",2015
12/17/2015 14:10,,0.019,"Phosphorus, Orthophosphate As P",mg/l,GRBCML,GREAT BAY ESTUARY - COASTAL MARINE LABORATORY,"GRBCML - Phosphorus, Orthophosphate As P - mg/l",2015
4/6/2016 9:22,,0.009,"Phosphorus, Orthophosphate As P",mg/l,GRBCML,GREAT BAY ESTUARY - COASTAL MARINE LABORATORY,"GRBCML - Phosphorus, Orthophosphate As P - mg/l",2016
4/6/2016 14:43,,0.02,"Phosphorus, Orthophosphate As P",mg/l,GRBCML,GREAT BAY ESTUARY - COASTAL MARINE LABORATORY,"GRBCML - Phosphorus, Orthophosphate As P - mg/l",2016
5/11/2016 9:25,,0.014,"Phosphorus, Orthophosphate As P",mg/l,GRBCML,GREAT BAY ESTUARY - COASTAL MARINE LABORATORY,"GRBCML - Phosphorus, Orthophosphate As P - mg/l",2016
5/11/2016 14:00,,0.016,"Phosphorus, Orthophosphate As P",mg/l,GRBCML,GREAT BAY ESTUARY - COASTAL MARINE LABORATORY,"GRBCML - Phosphorus, Orthophosphate As P - mg/l",2016
6/2/2016 9:18,,0.007,"Phosphorus, Orthophosphate As P",mg/l,GRBCML,GREAT BAY ESTUARY - COASTAL MARINE LABORATORY,"GRBCML - Phosphorus, Orthophosphate As P - mg/l",2016
7/11/2016 10:55,,0.015,"Phosphorus, Orthophosphate As P",mg/l,GRBCML,GREAT BAY ESTUARY - COASTAL MARINE LABORATORY,"GRBCML - Phosphorus, Orthophosphate As P - mg/l",2016
7/11/2016 15:30,,0.016,"Phosphorus, Orthophosphate As P",mg/l,GRBCML,GREAT BAY ESTUARY - COASTAL MARINE LABORATORY,"GRBCML - Phosphorus, Orthophosphate As P - mg/l",2016
8/1/2016 10:30,,0.024,"Phosphorus, Orthophosphate As P",mg/l,GRBCML,GREAT BAY ESTUARY - COASTAL MARINE LABORATORY,"GRBCML - Phosphorus, Orthophosphate As P - mg/l",2016
8/1/2016 14:55,,0.016,"Phosphorus, Orthophosphate As P",mg/l,GRBCML,GREAT BAY ESTUARY - COASTAL MARINE LABORATORY,"GRBCML - Phosphorus, Orthophosphate As P - mg/l",2016
8/1/2016 14:56,,0.015,"Phosphorus, Orthophosphate As P",mg/l,GRBCML,GREAT BAY ESTUARY - COASTAL MARINE LABORATORY,"GRBCML - Phosphorus, Orthophosphate As P - mg/l",2016
8/1/2016 14:57,,0.014,"Phosphorus, Orthophosphate As P",mg/l,GRBCML,GREAT BAY ESTUARY - COASTAL MARINE LABORATORY,"GRBCML - Phosphorus, Orthophosphate As P - mg/l",2016
9/15/2016 10:25,,0.028,"Phosphorus, Orthophosphate As P",mg/l,GRBCML,GREAT BAY ESTUARY - COASTAL MARINE LABORATORY,"GRBCML - Phosphorus, Orthophosphate As P - mg/l",2016
9/15/2016 14:31,,0.022,"Phosphorus, Orthophosphate As P",mg/l,GRBCML,GREAT BAY ESTUARY - COASTAL MARINE LABORATORY,"GRBCML - Phosphorus, Orthophosphate As P - mg/l",2016
9/15/2016 14:32,,0.026,"Phosphorus, Orthophosphate As P",mg/l,GRBCML,GREAT BAY ESTUARY - COASTAL MARINE LABORATORY,"GRBCML - Phosphorus, Orthophosphate As P - mg/l",2016
9/15/2016 14:33,,0.025,"Phosphorus, Orthophosphate As P",mg/l,GRBCML,GREAT BAY ESTUARY - COASTAL MARINE LABORATORY,"GRBCML - Phosphorus, Orthophosphate As P - mg/l",2016
10/4/2016 13:40,,0.02,"Phosphorus, Orthophosphate As P",mg/l,GRBCML,GREAT BAY ESTUARY - COASTAL MARINE LABORATORY,"GRBCML - Phosphorus, Orthophosphate As P - mg/l",2016
10/6/2016 9:16,,0.021,"Phosphorus, Orthophosphate As P",mg/l,GRBCML,GREAT BAY ESTUARY - COASTAL MARINE LABORATORY,"GRBCML - Phosphorus, Orthophosphate As P - mg/l",2016
11/8/2016 11:02,,0.027,"Phosphorus, Orthophosphate As P",mg/l,GRBCML,GREAT BAY ESTUARY - COASTAL MARINE LABORATORY,"GRBCML - Phosphorus, Orthophosphate As P - mg/l",2016
11/8/2016 14:42,,0.022,"Phosphorus, Orthophosphate As P",mg/l,GRBCML,GREAT BAY ESTUARY - COASTAL MARINE LABORATORY,"GRBCML - Phosphorus, Orthophosphate As P - mg/l",2016
12/13/2016 9:41,,0.018,"Phosphorus, Orthophosphate As P",mg/l,GRBCML,GREAT BAY ESTUARY - COASTAL MARINE LABORATORY,"GRBCML - Phosphorus, Orthophosphate As P - mg/l",2016
12/13/2016 14:30,,0.025,"Phosphorus, Orthophosphate As P",mg/l,GRBCML,GREAT BAY ESTUARY - COASTAL MARINE LABORATORY,"GRBCML - Phosphorus, Orthophosphate As P - mg/l",2016
4/19/2017 11:20,4,0.00854,"Phosphorus, Orthophosphate As P",mg/l,GRBCML,GREAT BAY ESTUARY - COASTAL MARINE LABORATORY,"GRBCML - Phosphorus, Orthophosphate As P - mg/l",2017
4/19/2017 15:25,4,0.00667,"Phosphorus, Orthophosphate As P",mg/l,GRBCML,GREAT BAY ESTUARY - COASTAL MARINE LABORATORY,"GRBCML - Phosphorus, Orthophosphate As P - mg/l",2017
5/9/2017 11:24,5,0.01197,"Phosphorus, Orthophosphate As P",mg/l,GRBCML,GREAT BAY ESTUARY - COASTAL MARINE LABORATORY,"GRBCML - Phosphorus, Orthophosphate As P - mg/l",2017
5/9/2017 15:20,5,0.01409,"Phosphorus, Orthophosphate As P",mg/l,GRBCML,GREAT BAY ESTUARY - COASTAL MARINE LABORATORY,"GRBCML - Phosphorus, Orthophosphate As P - mg/l",2017
6/1/2017 11:30,6,0.01386,"Phosphorus, Orthophosphate As P",mg/l,GRBCML,GREAT BAY ESTUARY - COASTAL MARINE LABORATORY,"GRBCML - Phosphorus, Orthophosphate As P - mg/l",2017
6/1/2017 11:31,6,0.01359,"Phosphorus, Orthophosphate As P",mg/l,GRBCML,GREAT BAY ESTUARY - COASTAL MARINE LABORATORY,"GRBCML - Phosphorus, Orthophosphate As P - mg/l",2017
6/1/2017 11:32,6,0.01315,"Phosphorus, Orthophosphate As P",mg/l,GRBCML,GREAT BAY ESTUARY - COASTAL MARINE LABORATORY,"GRBCML - Phosphorus, Orthophosphate As P - mg/l",2017
6/1/2017 15:50,6,0.01293,"Phosphorus, Orthophosphate As P",mg/l,GRBCML,GREAT BAY ESTUARY - COASTAL MARINE LABORATORY,"GRBCML - Phosphorus, Orthophosphate As P - mg/l",2017
8/3/2017 9:00,8,0.01499,"Phosphorus, Orthophosphate As P",mg/l,GRBCML,GREAT BAY ESTUARY - COASTAL MARINE LABORATORY,"GRBCML - Phosphorus, Orthophosphate As P - mg/l",2017
8/3/2017 13:35,8,0.01317,"Phosphorus, Orthophosphate As P",mg/l,GRBCML,GREAT BAY ESTUARY - COASTAL MARINE LABORATORY,"GRBCML - Phosphorus, Orthophosphate As P - mg/l",2017
8/3/2017 13:36,8,0.01341,"Phosphorus, Orthophosphate As P",mg/l,GRBCML,GREAT BAY ESTUARY - COASTAL MARINE LABORATORY,"GRBCML - Phosphorus, Orthophosphate As P - mg/l",2017
8/3/2017 13:37,8,0.01447,"Phosphorus, Orthophosphate As P",mg/l,GRBCML,GREAT BAY ESTUARY - COASTAL MARINE LABORATORY,"GRBCML - Phosphorus, Orthophosphate As P - mg/l",2017
9/7/2017 11:52,9,0.01878,"Phosphorus, Orthophosphate As P",mg/l,GRBCML,GREAT BAY ESTUARY - COASTAL MARINE LABORATORY,"GRBCML - Phosphorus, Orthophosphate As P - mg/l",2017
9/7/2017 16:00,9,0.01731,"Phosphorus, Orthophosphate As P",mg/l,GRBCML,GREAT BAY ESTUARY - COASTAL MARINE LABORATORY,"GRBCML - Phosphorus, Orthophosphate As P - mg/l",2017
9/7/2017 16:01,9,0.0178,"Phosphorus, Orthophosphate As P",mg/l,GRBCML,GREAT BAY ESTUARY - COASTAL MARINE LABORATORY,"GRBCML - Phosphorus, Orthophosphate As P - mg/l",2017
9/7/2017 16:02,9,0.01766,"Phosphorus, Orthophosphate As P",mg/l,GRBCML,GREAT BAY ESTUARY - COASTAL MARINE LABORATORY,"GRBCML - Phosphorus, Orthophosphate As P - mg/l",2017
10/17/2017 9:48,10,0.02481,"Phosphorus, Orthophosphate As P",mg/l,GRBCML,GREAT BAY ESTUARY - COASTAL MARINE LABORATORY,"GRBCML - Phosphorus, Orthophosphate As P - mg/l",2017
10/17/2017 15:20,10,0.02568,"Phosphorus, Orthophosphate As P",mg/l,GRBCML,GREAT BAY ESTUARY - COASTAL MARINE LABORATORY,"GRBCML - Phosphorus, Orthophosphate As P - mg/l",2017
11/20/2017 11:30,11,0.01991,"Phosphorus, Orthophosphate As P",mg/l,GRBCML,GREAT BAY ESTUARY - COASTAL MARINE LABORATORY,"GRBCML - Phosphorus, Orthophosphate As P - mg/l",2017
11/20/2017 15:44,11,0.02079,"Phosphorus, Orthophosphate As P",mg/l,GRBCML,GREAT BAY ESTUARY - COASTAL MARINE LABORATORY,"GRBCML - Phosphorus, Orthophosphate As P - mg/l",2017
12/4/2017 10:41,12,0.03157,"Phosphorus, Orthophosphate As P",mg/l,GRBCML,GREAT BAY ESTUARY - COASTAL MARINE LABORATORY,"GRBCML - Phosphorus, Orthophosphate As P - mg/l",2017
12/4/2017 15:26,12,0.03103,"Phosphorus, Orthophosphate As P",mg/l,GRBCML,GREAT BAY ESTUARY - COASTAL MARINE LABORATORY,"GRBCML - Phosphorus, Orthophosphate As P - mg/l",2017
12/4/2017 15:27,12,0.03075,"Phosphorus, Orthophosphate As P",mg/l,GRBCML,GREAT BAY ESTUARY - COASTAL MARINE LABORATORY,"GRBCML - Phosphorus, Orthophosphate As P - mg/l",2017
12/4/2017 15:28,12,0.02904,"Phosphorus, Orthophosphate As P",mg/l,GRBCML,GREAT BAY ESTUARY - COASTAL MARINE LABORATORY,"GRBCML - Phosphorus, Orthophosphate As P - mg/l",2017
