valuedatetime,datavalue,variable,units,sitecode,sitename,site-variable,year
7/19/00 9:00,0.016,"Phosphorus, Orthophosphate As P",mg/l,GRBCML,GREAT BAY ESTUARY - COASTAL MARINE LABORATORY,"GRBCML - Phosphorus, Orthophosphate As P - mg/l",2000
7/19/00 10:00,0.012,"Phosphorus, Orthophosphate As P",mg/l,GRBCML,GREAT BAY ESTUARY - COASTAL MARINE LABORATORY,"GRBCML - Phosphorus, Orthophosphate As P - mg/l",2000
8/15/00 9:00,0.02,"Phosphorus, Orthophosphate As P",mg/l,GRBCML,GREAT BAY ESTUARY - COASTAL MARINE LABORATORY,"GRBCML - Phosphorus, Orthophosphate As P - mg/l",2000
8/15/00 10:00,0.018,"Phosphorus, Orthophosphate As P",mg/l,GRBCML,GREAT BAY ESTUARY - COASTAL MARINE LABORATORY,"GRBCML - Phosphorus, Orthophosphate As P - mg/l",2000
9/13/00 9:00,0.025,"Phosphorus, Orthophosphate As P",mg/l,GRBCML,GREAT BAY ESTUARY - COASTAL MARINE LABORATORY,"GRBCML - Phosphorus, Orthophosphate As P - mg/l",2000
9/13/00 10:00,0.032,"Phosphorus, Orthophosphate As P",mg/l,GRBCML,GREAT BAY ESTUARY - COASTAL MARINE LABORATORY,"GRBCML - Phosphorus, Orthophosphate As P - mg/l",2000
10/16/00 9:00,0.021,"Phosphorus, Orthophosphate As P",mg/l,GRBCML,GREAT BAY ESTUARY - COASTAL MARINE LABORATORY,"GRBCML - Phosphorus, Orthophosphate As P - mg/l",2000
10/16/00 10:00,0.023,"Phosphorus, Orthophosphate As P",mg/l,GRBCML,GREAT BAY ESTUARY - COASTAL MARINE LABORATORY,"GRBCML - Phosphorus, Orthophosphate As P - mg/l",2000
11/15/00 9:00,0.022,"Phosphorus, Orthophosphate As P",mg/l,GRBCML,GREAT BAY ESTUARY - COASTAL MARINE LABORATORY,"GRBCML - Phosphorus, Orthophosphate As P - mg/l",2000
11/15/00 10:00,0.023,"Phosphorus, Orthophosphate As P",mg/l,GRBCML,GREAT BAY ESTUARY - COASTAL MARINE LABORATORY,"GRBCML - Phosphorus, Orthophosphate As P - mg/l",2000
12/6/00 9:00,0.024,"Phosphorus, Orthophosphate As P",mg/l,GRBCML,GREAT BAY ESTUARY - COASTAL MARINE LABORATORY,"GRBCML - Phosphorus, Orthophosphate As P - mg/l",2000
12/6/00 10:00,0.021,"Phosphorus, Orthophosphate As P",mg/l,GRBCML,GREAT BAY ESTUARY - COASTAL MARINE LABORATORY,"GRBCML - Phosphorus, Orthophosphate As P - mg/l",2000
1/17/01 9:00,0.021,"Phosphorus, Orthophosphate As P",mg/l,GRBCML,GREAT BAY ESTUARY - COASTAL MARINE LABORATORY,"GRBCML - Phosphorus, Orthophosphate As P - mg/l",2001
1/17/01 10:00,0.022,"Phosphorus, Orthophosphate As P",mg/l,GRBCML,GREAT BAY ESTUARY - COASTAL MARINE LABORATORY,"GRBCML - Phosphorus, Orthophosphate As P - mg/l",2001
2/26/01 9:00,0.016,"Phosphorus, Orthophosphate As P",mg/l,GRBCML,GREAT BAY ESTUARY - COASTAL MARINE LABORATORY,"GRBCML - Phosphorus, Orthophosphate As P - mg/l",2001
2/26/01 10:00,0.016,"Phosphorus, Orthophosphate As P",mg/l,GRBCML,GREAT BAY ESTUARY - COASTAL MARINE LABORATORY,"GRBCML - Phosphorus, Orthophosphate As P - mg/l",2001
3/26/01 9:00,0.016,"Phosphorus, Orthophosphate As P",mg/l,GRBCML,GREAT BAY ESTUARY - COASTAL MARINE LABORATORY,"GRBCML - Phosphorus, Orthophosphate As P - mg/l",2001
3/26/01 10:00,0.022,"Phosphorus, Orthophosphate As P",mg/l,GRBCML,GREAT BAY ESTUARY - COASTAL MARINE LABORATORY,"GRBCML - Phosphorus, Orthophosphate As P - mg/l",2001
4/16/01 9:00,0.009,"Phosphorus, Orthophosphate As P",mg/l,GRBCML,GREAT BAY ESTUARY - COASTAL MARINE LABORATORY,"GRBCML - Phosphorus, Orthophosphate As P - mg/l",2001
4/16/01 10:00,0.011,"Phosphorus, Orthophosphate As P",mg/l,GRBCML,GREAT BAY ESTUARY - COASTAL MARINE LABORATORY,"GRBCML - Phosphorus, Orthophosphate As P - mg/l",2001
6/5/01 9:00,0.021,"Phosphorus, Orthophosphate As P",mg/l,GRBCML,GREAT BAY ESTUARY - COASTAL MARINE LABORATORY,"GRBCML - Phosphorus, Orthophosphate As P - mg/l",2001
7/9/01 9:00,0.0161,"Phosphorus, Orthophosphate As P",mg/l,GRBCML,GREAT BAY ESTUARY - COASTAL MARINE LABORATORY,"GRBCML - Phosphorus, Orthophosphate As P - mg/l",2001
8/22/01 9:00,0.0194,"Phosphorus, Orthophosphate As P",mg/l,GRBCML,GREAT BAY ESTUARY - COASTAL MARINE LABORATORY,"GRBCML - Phosphorus, Orthophosphate As P - mg/l",2001
9/18/01 9:00,0.0214,"Phosphorus, Orthophosphate As P",mg/l,GRBCML,GREAT BAY ESTUARY - COASTAL MARINE LABORATORY,"GRBCML - Phosphorus, Orthophosphate As P - mg/l",2001
10/10/01 9:00,0.0268,"Phosphorus, Orthophosphate As P",mg/l,GRBCML,GREAT BAY ESTUARY - COASTAL MARINE LABORATORY,"GRBCML - Phosphorus, Orthophosphate As P - mg/l",2001
12/4/01 9:00,0.0262,"Phosphorus, Orthophosphate As P",mg/l,GRBCML,GREAT BAY ESTUARY - COASTAL MARINE LABORATORY,"GRBCML - Phosphorus, Orthophosphate As P - mg/l",2001
4/15/02 7:30,0.0084,"Phosphorus, Orthophosphate As P",mg/l,GRBCML,GREAT BAY ESTUARY - COASTAL MARINE LABORATORY,"GRBCML - Phosphorus, Orthophosphate As P - mg/l",2002
4/15/02 8:30,0.0121,"Phosphorus, Orthophosphate As P",mg/l,GRBCML,GREAT BAY ESTUARY - COASTAL MARINE LABORATORY,"GRBCML - Phosphorus, Orthophosphate As P - mg/l",2002
4/15/02 14:00,0.0189,"Phosphorus, Orthophosphate As P",mg/l,GRBCML,GREAT BAY ESTUARY - COASTAL MARINE LABORATORY,"GRBCML - Phosphorus, Orthophosphate As P - mg/l",2002
4/15/02 15:00,0.0115,"Phosphorus, Orthophosphate As P",mg/l,GRBCML,GREAT BAY ESTUARY - COASTAL MARINE LABORATORY,"GRBCML - Phosphorus, Orthophosphate As P - mg/l",2002
5/15/02 8:00,0.017,"Phosphorus, Orthophosphate As P",mg/l,GRBCML,GREAT BAY ESTUARY - COASTAL MARINE LABORATORY,"GRBCML - Phosphorus, Orthophosphate As P - mg/l",2002
5/15/02 9:00,0.0158,"Phosphorus, Orthophosphate As P",mg/l,GRBCML,GREAT BAY ESTUARY - COASTAL MARINE LABORATORY,"GRBCML - Phosphorus, Orthophosphate As P - mg/l",2002
5/15/02 14:00,0.0143,"Phosphorus, Orthophosphate As P",mg/l,GRBCML,GREAT BAY ESTUARY - COASTAL MARINE LABORATORY,"GRBCML - Phosphorus, Orthophosphate As P - mg/l",2002
5/15/02 15:00,0.014,"Phosphorus, Orthophosphate As P",mg/l,GRBCML,GREAT BAY ESTUARY - COASTAL MARINE LABORATORY,"GRBCML - Phosphorus, Orthophosphate As P - mg/l",2002
6/12/02 7:00,0.0198,"Phosphorus, Orthophosphate As P",mg/l,GRBCML,GREAT BAY ESTUARY - COASTAL MARINE LABORATORY,"GRBCML - Phosphorus, Orthophosphate As P - mg/l",2002
6/12/02 8:00,0.0177,"Phosphorus, Orthophosphate As P",mg/l,GRBCML,GREAT BAY ESTUARY - COASTAL MARINE LABORATORY,"GRBCML - Phosphorus, Orthophosphate As P - mg/l",2002
6/12/02 13:00,0.0232,"Phosphorus, Orthophosphate As P",mg/l,GRBCML,GREAT BAY ESTUARY - COASTAL MARINE LABORATORY,"GRBCML - Phosphorus, Orthophosphate As P - mg/l",2002
6/12/02 14:00,0.0223,"Phosphorus, Orthophosphate As P",mg/l,GRBCML,GREAT BAY ESTUARY - COASTAL MARINE LABORATORY,"GRBCML - Phosphorus, Orthophosphate As P - mg/l",2002
7/10/02 6:00,0.009,"Phosphorus, Orthophosphate As P",mg/l,GRBCML,GREAT BAY ESTUARY - COASTAL MARINE LABORATORY,"GRBCML - Phosphorus, Orthophosphate As P - mg/l",2002
7/10/02 7:00,0.0115,"Phosphorus, Orthophosphate As P",mg/l,GRBCML,GREAT BAY ESTUARY - COASTAL MARINE LABORATORY,"GRBCML - Phosphorus, Orthophosphate As P - mg/l",2002
7/10/02 12:00,0.0121,"Phosphorus, Orthophosphate As P",mg/l,GRBCML,GREAT BAY ESTUARY - COASTAL MARINE LABORATORY,"GRBCML - Phosphorus, Orthophosphate As P - mg/l",2002
7/10/02 13:00,0.0087,"Phosphorus, Orthophosphate As P",mg/l,GRBCML,GREAT BAY ESTUARY - COASTAL MARINE LABORATORY,"GRBCML - Phosphorus, Orthophosphate As P - mg/l",2002
8/26/02 8:00,0.0151,"Phosphorus, Orthophosphate As P",mg/l,GRBCML,GREAT BAY ESTUARY - COASTAL MARINE LABORATORY,"GRBCML - Phosphorus, Orthophosphate As P - mg/l",2002
8/26/02 9:00,0.0219,"Phosphorus, Orthophosphate As P",mg/l,GRBCML,GREAT BAY ESTUARY - COASTAL MARINE LABORATORY,"GRBCML - Phosphorus, Orthophosphate As P - mg/l",2002
8/26/02 14:00,0.0179,"Phosphorus, Orthophosphate As P",mg/l,GRBCML,GREAT BAY ESTUARY - COASTAL MARINE LABORATORY,"GRBCML - Phosphorus, Orthophosphate As P - mg/l",2002
8/26/02 15:00,0.017,"Phosphorus, Orthophosphate As P",mg/l,GRBCML,GREAT BAY ESTUARY - COASTAL MARINE LABORATORY,"GRBCML - Phosphorus, Orthophosphate As P - mg/l",2002
9/9/02 7:30,0.0285,"Phosphorus, Orthophosphate As P",mg/l,GRBCML,GREAT BAY ESTUARY - COASTAL MARINE LABORATORY,"GRBCML - Phosphorus, Orthophosphate As P - mg/l",2002
9/9/02 8:30,0.0288,"Phosphorus, Orthophosphate As P",mg/l,GRBCML,GREAT BAY ESTUARY - COASTAL MARINE LABORATORY,"GRBCML - Phosphorus, Orthophosphate As P - mg/l",2002
9/9/02 13:30,0.0279,"Phosphorus, Orthophosphate As P",mg/l,GRBCML,GREAT BAY ESTUARY - COASTAL MARINE LABORATORY,"GRBCML - Phosphorus, Orthophosphate As P - mg/l",2002
9/9/02 14:30,0.0288,"Phosphorus, Orthophosphate As P",mg/l,GRBCML,GREAT BAY ESTUARY - COASTAL MARINE LABORATORY,"GRBCML - Phosphorus, Orthophosphate As P - mg/l",2002
10/7/02 6:30,0.0431,"Phosphorus, Orthophosphate As P",mg/l,GRBCML,GREAT BAY ESTUARY - COASTAL MARINE LABORATORY,"GRBCML - Phosphorus, Orthophosphate As P - mg/l",2002
10/7/02 7:30,0.04,"Phosphorus, Orthophosphate As P",mg/l,GRBCML,GREAT BAY ESTUARY - COASTAL MARINE LABORATORY,"GRBCML - Phosphorus, Orthophosphate As P - mg/l",2002
10/7/02 12:15,0.0364,"Phosphorus, Orthophosphate As P",mg/l,GRBCML,GREAT BAY ESTUARY - COASTAL MARINE LABORATORY,"GRBCML - Phosphorus, Orthophosphate As P - mg/l",2002
10/7/02 13:15,0.0359,"Phosphorus, Orthophosphate As P",mg/l,GRBCML,GREAT BAY ESTUARY - COASTAL MARINE LABORATORY,"GRBCML - Phosphorus, Orthophosphate As P - mg/l",2002
11/13/02 6:30,0.0322,"Phosphorus, Orthophosphate As P",mg/l,GRBCML,GREAT BAY ESTUARY - COASTAL MARINE LABORATORY,"GRBCML - Phosphorus, Orthophosphate As P - mg/l",2002
11/13/02 7:30,0.0312,"Phosphorus, Orthophosphate As P",mg/l,GRBCML,GREAT BAY ESTUARY - COASTAL MARINE LABORATORY,"GRBCML - Phosphorus, Orthophosphate As P - mg/l",2002
11/13/02 12:15,0.0323,"Phosphorus, Orthophosphate As P",mg/l,GRBCML,GREAT BAY ESTUARY - COASTAL MARINE LABORATORY,"GRBCML - Phosphorus, Orthophosphate As P - mg/l",2002
11/13/02 13:15,0.0326,"Phosphorus, Orthophosphate As P",mg/l,GRBCML,GREAT BAY ESTUARY - COASTAL MARINE LABORATORY,"GRBCML - Phosphorus, Orthophosphate As P - mg/l",2002
4/16/03 5:30,0.0149,"Phosphorus, Orthophosphate As P",mg/l,GRBCML,GREAT BAY ESTUARY - COASTAL MARINE LABORATORY,"GRBCML - Phosphorus, Orthophosphate As P - mg/l",2003
4/16/03 6:30,0.0143,"Phosphorus, Orthophosphate As P",mg/l,GRBCML,GREAT BAY ESTUARY - COASTAL MARINE LABORATORY,"GRBCML - Phosphorus, Orthophosphate As P - mg/l",2003
4/16/03 11:30,0.0128,"Phosphorus, Orthophosphate As P",mg/l,GRBCML,GREAT BAY ESTUARY - COASTAL MARINE LABORATORY,"GRBCML - Phosphorus, Orthophosphate As P - mg/l",2003
4/16/03 12:30,0.0128,"Phosphorus, Orthophosphate As P",mg/l,GRBCML,GREAT BAY ESTUARY - COASTAL MARINE LABORATORY,"GRBCML - Phosphorus, Orthophosphate As P - mg/l",2003
5/5/03 8:30,0.0083,"Phosphorus, Orthophosphate As P",mg/l,GRBCML,GREAT BAY ESTUARY - COASTAL MARINE LABORATORY,"GRBCML - Phosphorus, Orthophosphate As P - mg/l",2003
5/5/03 9:30,0.0083,"Phosphorus, Orthophosphate As P",mg/l,GRBCML,GREAT BAY ESTUARY - COASTAL MARINE LABORATORY,"GRBCML - Phosphorus, Orthophosphate As P - mg/l",2003
5/5/03 13:00,0.0071,"Phosphorus, Orthophosphate As P",mg/l,GRBCML,GREAT BAY ESTUARY - COASTAL MARINE LABORATORY,"GRBCML - Phosphorus, Orthophosphate As P - mg/l",2003
5/5/03 14:00,0.0065,"Phosphorus, Orthophosphate As P",mg/l,GRBCML,GREAT BAY ESTUARY - COASTAL MARINE LABORATORY,"GRBCML - Phosphorus, Orthophosphate As P - mg/l",2003
6/3/03 12:00,0.0225,"Phosphorus, Orthophosphate As P",mg/l,GRBCML,GREAT BAY ESTUARY - COASTAL MARINE LABORATORY,"GRBCML - Phosphorus, Orthophosphate As P - mg/l",2003
6/3/03 13:00,0.0144,"Phosphorus, Orthophosphate As P",mg/l,GRBCML,GREAT BAY ESTUARY - COASTAL MARINE LABORATORY,"GRBCML - Phosphorus, Orthophosphate As P - mg/l",2003
6/4/03 8:30,0.0173,"Phosphorus, Orthophosphate As P",mg/l,GRBCML,GREAT BAY ESTUARY - COASTAL MARINE LABORATORY,"GRBCML - Phosphorus, Orthophosphate As P - mg/l",2003
6/4/03 9:30,0.0179,"Phosphorus, Orthophosphate As P",mg/l,GRBCML,GREAT BAY ESTUARY - COASTAL MARINE LABORATORY,"GRBCML - Phosphorus, Orthophosphate As P - mg/l",2003
7/2/03 8:00,0.0141,"Phosphorus, Orthophosphate As P",mg/l,GRBCML,GREAT BAY ESTUARY - COASTAL MARINE LABORATORY,"GRBCML - Phosphorus, Orthophosphate As P - mg/l",2003
7/2/03 9:00,0.0148,"Phosphorus, Orthophosphate As P",mg/l,GRBCML,GREAT BAY ESTUARY - COASTAL MARINE LABORATORY,"GRBCML - Phosphorus, Orthophosphate As P - mg/l",2003
7/2/03 12:30,0.0142,"Phosphorus, Orthophosphate As P",mg/l,GRBCML,GREAT BAY ESTUARY - COASTAL MARINE LABORATORY,"GRBCML - Phosphorus, Orthophosphate As P - mg/l",2003
7/2/03 13:30,0.0143,"Phosphorus, Orthophosphate As P",mg/l,GRBCML,GREAT BAY ESTUARY - COASTAL MARINE LABORATORY,"GRBCML - Phosphorus, Orthophosphate As P - mg/l",2003
8/13/03 8:30,0.017,"Phosphorus, Orthophosphate As P",mg/l,GRBCML,GREAT BAY ESTUARY - COASTAL MARINE LABORATORY,"GRBCML - Phosphorus, Orthophosphate As P - mg/l",2003
8/13/03 11:00,0.0164,"Phosphorus, Orthophosphate As P",mg/l,GRBCML,GREAT BAY ESTUARY - COASTAL MARINE LABORATORY,"GRBCML - Phosphorus, Orthophosphate As P - mg/l",2003
8/13/03 12:00,0.0249,"Phosphorus, Orthophosphate As P",mg/l,GRBCML,GREAT BAY ESTUARY - COASTAL MARINE LABORATORY,"GRBCML - Phosphorus, Orthophosphate As P - mg/l",2003
9/30/03 8:30,0.0238,"Phosphorus, Orthophosphate As P",mg/l,GRBCML,GREAT BAY ESTUARY - COASTAL MARINE LABORATORY,"GRBCML - Phosphorus, Orthophosphate As P - mg/l",2003
9/30/03 9:30,0.0245,"Phosphorus, Orthophosphate As P",mg/l,GRBCML,GREAT BAY ESTUARY - COASTAL MARINE LABORATORY,"GRBCML - Phosphorus, Orthophosphate As P - mg/l",2003
9/30/03 12:30,0.0243,"Phosphorus, Orthophosphate As P",mg/l,GRBCML,GREAT BAY ESTUARY - COASTAL MARINE LABORATORY,"GRBCML - Phosphorus, Orthophosphate As P - mg/l",2003
9/30/03 13:30,0.0202,"Phosphorus, Orthophosphate As P",mg/l,GRBCML,GREAT BAY ESTUARY - COASTAL MARINE LABORATORY,"GRBCML - Phosphorus, Orthophosphate As P - mg/l",2003
11/3/03 7:30,0.0456,"Phosphorus, Orthophosphate As P",mg/l,GRBCML,GREAT BAY ESTUARY - COASTAL MARINE LABORATORY,"GRBCML - Phosphorus, Orthophosphate As P - mg/l",2003
11/3/03 8:30,0.0377,"Phosphorus, Orthophosphate As P",mg/l,GRBCML,GREAT BAY ESTUARY - COASTAL MARINE LABORATORY,"GRBCML - Phosphorus, Orthophosphate As P - mg/l",2003
11/3/03 11:00,0.015,"Phosphorus, Orthophosphate As P",mg/l,GRBCML,GREAT BAY ESTUARY - COASTAL MARINE LABORATORY,"GRBCML - Phosphorus, Orthophosphate As P - mg/l",2003
11/3/03 12:00,0.0255,"Phosphorus, Orthophosphate As P",mg/l,GRBCML,GREAT BAY ESTUARY - COASTAL MARINE LABORATORY,"GRBCML - Phosphorus, Orthophosphate As P - mg/l",2003
11/26/03 7:30,0.0238,"Phosphorus, Orthophosphate As P",mg/l,GRBCML,GREAT BAY ESTUARY - COASTAL MARINE LABORATORY,"GRBCML - Phosphorus, Orthophosphate As P - mg/l",2003
11/26/03 8:30,0.0226,"Phosphorus, Orthophosphate As P",mg/l,GRBCML,GREAT BAY ESTUARY - COASTAL MARINE LABORATORY,"GRBCML - Phosphorus, Orthophosphate As P - mg/l",2003
11/26/03 11:00,0.0231,"Phosphorus, Orthophosphate As P",mg/l,GRBCML,GREAT BAY ESTUARY - COASTAL MARINE LABORATORY,"GRBCML - Phosphorus, Orthophosphate As P - mg/l",2003
11/26/03 12:00,0.0214,"Phosphorus, Orthophosphate As P",mg/l,GRBCML,GREAT BAY ESTUARY - COASTAL MARINE LABORATORY,"GRBCML - Phosphorus, Orthophosphate As P - mg/l",2003
4/6/04 11:45,0.009,"Phosphorus, Orthophosphate As P",mg/l,GRBCML,GREAT BAY ESTUARY - COASTAL MARINE LABORATORY,"GRBCML - Phosphorus, Orthophosphate As P - mg/l",2004
6/29/04 9:10,0.0187,"Phosphorus, Orthophosphate As P",mg/l,GRBCML,GREAT BAY ESTUARY - COASTAL MARINE LABORATORY,"GRBCML - Phosphorus, Orthophosphate As P - mg/l",2004
6/29/04 10:10,0.0244,"Phosphorus, Orthophosphate As P",mg/l,GRBCML,GREAT BAY ESTUARY - COASTAL MARINE LABORATORY,"GRBCML - Phosphorus, Orthophosphate As P - mg/l",2004
6/29/04 14:32,0.0197,"Phosphorus, Orthophosphate As P",mg/l,GRBCML,GREAT BAY ESTUARY - COASTAL MARINE LABORATORY,"GRBCML - Phosphorus, Orthophosphate As P - mg/l",2004
6/29/04 15:32,0.0149,"Phosphorus, Orthophosphate As P",mg/l,GRBCML,GREAT BAY ESTUARY - COASTAL MARINE LABORATORY,"GRBCML - Phosphorus, Orthophosphate As P - mg/l",2004
7/28/04 8:20,0.0285,"Phosphorus, Orthophosphate As P",mg/l,GRBCML,GREAT BAY ESTUARY - COASTAL MARINE LABORATORY,"GRBCML - Phosphorus, Orthophosphate As P - mg/l",2004
7/28/04 9:20,0.0304,"Phosphorus, Orthophosphate As P",mg/l,GRBCML,GREAT BAY ESTUARY - COASTAL MARINE LABORATORY,"GRBCML - Phosphorus, Orthophosphate As P - mg/l",2004
7/28/04 14:20,0.0265,"Phosphorus, Orthophosphate As P",mg/l,GRBCML,GREAT BAY ESTUARY - COASTAL MARINE LABORATORY,"GRBCML - Phosphorus, Orthophosphate As P - mg/l",2004
7/28/04 15:20,0.0258,"Phosphorus, Orthophosphate As P",mg/l,GRBCML,GREAT BAY ESTUARY - COASTAL MARINE LABORATORY,"GRBCML - Phosphorus, Orthophosphate As P - mg/l",2004
8/27/04 9:48,0.0341,"Phosphorus, Orthophosphate As P",mg/l,GRBCML,GREAT BAY ESTUARY - COASTAL MARINE LABORATORY,"GRBCML - Phosphorus, Orthophosphate As P - mg/l",2004
8/27/04 10:48,0.0332,"Phosphorus, Orthophosphate As P",mg/l,GRBCML,GREAT BAY ESTUARY - COASTAL MARINE LABORATORY,"GRBCML - Phosphorus, Orthophosphate As P - mg/l",2004
8/27/04 15:22,0.0294,"Phosphorus, Orthophosphate As P",mg/l,GRBCML,GREAT BAY ESTUARY - COASTAL MARINE LABORATORY,"GRBCML - Phosphorus, Orthophosphate As P - mg/l",2004
8/27/04 16:22,0.0276,"Phosphorus, Orthophosphate As P",mg/l,GRBCML,GREAT BAY ESTUARY - COASTAL MARINE LABORATORY,"GRBCML - Phosphorus, Orthophosphate As P - mg/l",2004
10/25/04 10:29,0.0263,"Phosphorus, Orthophosphate As P",mg/l,GRBCML,GREAT BAY ESTUARY - COASTAL MARINE LABORATORY,"GRBCML - Phosphorus, Orthophosphate As P - mg/l",2004
10/25/04 11:29,0.0127,"Phosphorus, Orthophosphate As P",mg/l,GRBCML,GREAT BAY ESTUARY - COASTAL MARINE LABORATORY,"GRBCML - Phosphorus, Orthophosphate As P - mg/l",2004
10/25/04 14:40,0.0252,"Phosphorus, Orthophosphate As P",mg/l,GRBCML,GREAT BAY ESTUARY - COASTAL MARINE LABORATORY,"GRBCML - Phosphorus, Orthophosphate As P - mg/l",2004
10/25/04 15:40,0.0246,"Phosphorus, Orthophosphate As P",mg/l,GRBCML,GREAT BAY ESTUARY - COASTAL MARINE LABORATORY,"GRBCML - Phosphorus, Orthophosphate As P - mg/l",2004
11/23/04 9:48,0.034,"Phosphorus, Orthophosphate As P",mg/l,GRBCML,GREAT BAY ESTUARY - COASTAL MARINE LABORATORY,"GRBCML - Phosphorus, Orthophosphate As P - mg/l",2004
11/23/04 10:48,0.0335,"Phosphorus, Orthophosphate As P",mg/l,GRBCML,GREAT BAY ESTUARY - COASTAL MARINE LABORATORY,"GRBCML - Phosphorus, Orthophosphate As P - mg/l",2004
11/23/04 13:40,0.034,"Phosphorus, Orthophosphate As P",mg/l,GRBCML,GREAT BAY ESTUARY - COASTAL MARINE LABORATORY,"GRBCML - Phosphorus, Orthophosphate As P - mg/l",2004
11/23/04 14:40,0.0316,"Phosphorus, Orthophosphate As P",mg/l,GRBCML,GREAT BAY ESTUARY - COASTAL MARINE LABORATORY,"GRBCML - Phosphorus, Orthophosphate As P - mg/l",2004
12/21/04 8:50,0.0277,"Phosphorus, Orthophosphate As P",mg/l,GRBCML,GREAT BAY ESTUARY - COASTAL MARINE LABORATORY,"GRBCML - Phosphorus, Orthophosphate As P - mg/l",2004
12/21/04 9:50,0.0284,"Phosphorus, Orthophosphate As P",mg/l,GRBCML,GREAT BAY ESTUARY - COASTAL MARINE LABORATORY,"GRBCML - Phosphorus, Orthophosphate As P - mg/l",2004
12/21/04 13:00,0.0269,"Phosphorus, Orthophosphate As P",mg/l,GRBCML,GREAT BAY ESTUARY - COASTAL MARINE LABORATORY,"GRBCML - Phosphorus, Orthophosphate As P - mg/l",2004
12/21/04 14:00,0.0326,"Phosphorus, Orthophosphate As P",mg/l,GRBCML,GREAT BAY ESTUARY - COASTAL MARINE LABORATORY,"GRBCML - Phosphorus, Orthophosphate As P - mg/l",2004
4/28/05 10:50,0.0099,"Phosphorus, Orthophosphate As P",mg/l,GRBCML,GREAT BAY ESTUARY - COASTAL MARINE LABORATORY,"GRBCML - Phosphorus, Orthophosphate As P - mg/l",2005
4/28/05 14:33,0.011,"Phosphorus, Orthophosphate As P",mg/l,GRBCML,GREAT BAY ESTUARY - COASTAL MARINE LABORATORY,"GRBCML - Phosphorus, Orthophosphate As P - mg/l",2005
4/28/05 15:33,0.0094,"Phosphorus, Orthophosphate As P",mg/l,GRBCML,GREAT BAY ESTUARY - COASTAL MARINE LABORATORY,"GRBCML - Phosphorus, Orthophosphate As P - mg/l",2005
5/18/05 8:45,0.0135,"Phosphorus, Orthophosphate As P",mg/l,GRBCML,GREAT BAY ESTUARY - COASTAL MARINE LABORATORY,"GRBCML - Phosphorus, Orthophosphate As P - mg/l",2005
5/18/05 9:45,0.0097,"Phosphorus, Orthophosphate As P",mg/l,GRBCML,GREAT BAY ESTUARY - COASTAL MARINE LABORATORY,"GRBCML - Phosphorus, Orthophosphate As P - mg/l",2005
5/18/05 13:20,0.0068,"Phosphorus, Orthophosphate As P",mg/l,GRBCML,GREAT BAY ESTUARY - COASTAL MARINE LABORATORY,"GRBCML - Phosphorus, Orthophosphate As P - mg/l",2005
6/20/05 8:45,0.0176,"Phosphorus, Orthophosphate As P",mg/l,GRBCML,GREAT BAY ESTUARY - COASTAL MARINE LABORATORY,"GRBCML - Phosphorus, Orthophosphate As P - mg/l",2005
6/20/05 9:45,0.0136,"Phosphorus, Orthophosphate As P",mg/l,GRBCML,GREAT BAY ESTUARY - COASTAL MARINE LABORATORY,"GRBCML - Phosphorus, Orthophosphate As P - mg/l",2005
6/20/05 15:45,0.01,"Phosphorus, Orthophosphate As P",mg/l,GRBCML,GREAT BAY ESTUARY - COASTAL MARINE LABORATORY,"GRBCML - Phosphorus, Orthophosphate As P - mg/l",2005
6/20/05 16:45,0.0151,"Phosphorus, Orthophosphate As P",mg/l,GRBCML,GREAT BAY ESTUARY - COASTAL MARINE LABORATORY,"GRBCML - Phosphorus, Orthophosphate As P - mg/l",2005
7/17/05 10:07,0.0311,"Phosphorus, Orthophosphate As P",mg/l,GRBCML,GREAT BAY ESTUARY - COASTAL MARINE LABORATORY,"GRBCML - Phosphorus, Orthophosphate As P - mg/l",2005
7/17/05 11:07,0.0286,"Phosphorus, Orthophosphate As P",mg/l,GRBCML,GREAT BAY ESTUARY - COASTAL MARINE LABORATORY,"GRBCML - Phosphorus, Orthophosphate As P - mg/l",2005
7/17/05 13:54,0.0263,"Phosphorus, Orthophosphate As P",mg/l,GRBCML,GREAT BAY ESTUARY - COASTAL MARINE LABORATORY,"GRBCML - Phosphorus, Orthophosphate As P - mg/l",2005
7/17/05 14:54,0.0309,"Phosphorus, Orthophosphate As P",mg/l,GRBCML,GREAT BAY ESTUARY - COASTAL MARINE LABORATORY,"GRBCML - Phosphorus, Orthophosphate As P - mg/l",2005
8/30/05 9:45,0.0316,"Phosphorus, Orthophosphate As P",mg/l,GRBCML,GREAT BAY ESTUARY - COASTAL MARINE LABORATORY,"GRBCML - Phosphorus, Orthophosphate As P - mg/l",2005
8/30/05 10:45,0.0341,"Phosphorus, Orthophosphate As P",mg/l,GRBCML,GREAT BAY ESTUARY - COASTAL MARINE LABORATORY,"GRBCML - Phosphorus, Orthophosphate As P - mg/l",2005
8/30/05 14:45,0.0255,"Phosphorus, Orthophosphate As P",mg/l,GRBCML,GREAT BAY ESTUARY - COASTAL MARINE LABORATORY,"GRBCML - Phosphorus, Orthophosphate As P - mg/l",2005
9/28/05 10:05,0.0251,"Phosphorus, Orthophosphate As P",mg/l,GRBCML,GREAT BAY ESTUARY - COASTAL MARINE LABORATORY,"GRBCML - Phosphorus, Orthophosphate As P - mg/l",2005
9/28/05 14:27,0.0236,"Phosphorus, Orthophosphate As P",mg/l,GRBCML,GREAT BAY ESTUARY - COASTAL MARINE LABORATORY,"GRBCML - Phosphorus, Orthophosphate As P - mg/l",2005
9/28/05 15:27,0.0286,"Phosphorus, Orthophosphate As P",mg/l,GRBCML,GREAT BAY ESTUARY - COASTAL MARINE LABORATORY,"GRBCML - Phosphorus, Orthophosphate As P - mg/l",2005
10/31/05 9:50,0.0247,"Phosphorus, Orthophosphate As P",mg/l,GRBCML,GREAT BAY ESTUARY - COASTAL MARINE LABORATORY,"GRBCML - Phosphorus, Orthophosphate As P - mg/l",2005
10/31/05 10:50,0.0226,"Phosphorus, Orthophosphate As P",mg/l,GRBCML,GREAT BAY ESTUARY - COASTAL MARINE LABORATORY,"GRBCML - Phosphorus, Orthophosphate As P - mg/l",2005
11/22/05 9:08,0.0292,"Phosphorus, Orthophosphate As P",mg/l,GRBCML,GREAT BAY ESTUARY - COASTAL MARINE LABORATORY,"GRBCML - Phosphorus, Orthophosphate As P - mg/l",2005
11/22/05 10:08,0.0318,"Phosphorus, Orthophosphate As P",mg/l,GRBCML,GREAT BAY ESTUARY - COASTAL MARINE LABORATORY,"GRBCML - Phosphorus, Orthophosphate As P - mg/l",2005
11/22/05 14:10,0.0311,"Phosphorus, Orthophosphate As P",mg/l,GRBCML,GREAT BAY ESTUARY - COASTAL MARINE LABORATORY,"GRBCML - Phosphorus, Orthophosphate As P - mg/l",2005
11/22/05 15:10,0.0301,"Phosphorus, Orthophosphate As P",mg/l,GRBCML,GREAT BAY ESTUARY - COASTAL MARINE LABORATORY,"GRBCML - Phosphorus, Orthophosphate As P - mg/l",2005
12/14/05 10:10,0.0346,"Phosphorus, Orthophosphate As P",mg/l,GRBCML,GREAT BAY ESTUARY - COASTAL MARINE LABORATORY,"GRBCML - Phosphorus, Orthophosphate As P - mg/l",2005
12/14/05 11:10,0.0306,"Phosphorus, Orthophosphate As P",mg/l,GRBCML,GREAT BAY ESTUARY - COASTAL MARINE LABORATORY,"GRBCML - Phosphorus, Orthophosphate As P - mg/l",2005
12/14/05 15:13,0.0342,"Phosphorus, Orthophosphate As P",mg/l,GRBCML,GREAT BAY ESTUARY - COASTAL MARINE LABORATORY,"GRBCML - Phosphorus, Orthophosphate As P - mg/l",2005
12/14/05 16:13,0.0333,"Phosphorus, Orthophosphate As P",mg/l,GRBCML,GREAT BAY ESTUARY - COASTAL MARINE LABORATORY,"GRBCML - Phosphorus, Orthophosphate As P - mg/l",2005
4/25/06 10:10,0.006,"Phosphorus, Orthophosphate As P",mg/l,GRBCML,GREAT BAY ESTUARY - COASTAL MARINE LABORATORY,"GRBCML - Phosphorus, Orthophosphate As P - mg/l",2006
4/25/06 11:10,0.011,"Phosphorus, Orthophosphate As P",mg/l,GRBCML,GREAT BAY ESTUARY - COASTAL MARINE LABORATORY,"GRBCML - Phosphorus, Orthophosphate As P - mg/l",2006
4/25/06 14:21,0.008,"Phosphorus, Orthophosphate As P",mg/l,GRBCML,GREAT BAY ESTUARY - COASTAL MARINE LABORATORY,"GRBCML - Phosphorus, Orthophosphate As P - mg/l",2006
4/25/06 15:21,0.01,"Phosphorus, Orthophosphate As P",mg/l,GRBCML,GREAT BAY ESTUARY - COASTAL MARINE LABORATORY,"GRBCML - Phosphorus, Orthophosphate As P - mg/l",2006
5/30/06 8:52,0.01,"Phosphorus, Orthophosphate As P",mg/l,GRBCML,GREAT BAY ESTUARY - COASTAL MARINE LABORATORY,"GRBCML - Phosphorus, Orthophosphate As P - mg/l",2006
5/30/06 9:52,0.011,"Phosphorus, Orthophosphate As P",mg/l,GRBCML,GREAT BAY ESTUARY - COASTAL MARINE LABORATORY,"GRBCML - Phosphorus, Orthophosphate As P - mg/l",2006
5/30/06 13:10,0.011,"Phosphorus, Orthophosphate As P",mg/l,GRBCML,GREAT BAY ESTUARY - COASTAL MARINE LABORATORY,"GRBCML - Phosphorus, Orthophosphate As P - mg/l",2006
5/30/06 14:10,0.015,"Phosphorus, Orthophosphate As P",mg/l,GRBCML,GREAT BAY ESTUARY - COASTAL MARINE LABORATORY,"GRBCML - Phosphorus, Orthophosphate As P - mg/l",2006
6/28/06 14:12,0.02,"Phosphorus, Orthophosphate As P",mg/l,GRBCML,GREAT BAY ESTUARY - COASTAL MARINE LABORATORY,"GRBCML - Phosphorus, Orthophosphate As P - mg/l",2006
6/28/06 15:12,0.014,"Phosphorus, Orthophosphate As P",mg/l,GRBCML,GREAT BAY ESTUARY - COASTAL MARINE LABORATORY,"GRBCML - Phosphorus, Orthophosphate As P - mg/l",2006
7/24/06 8:29,0.027,"Phosphorus, Orthophosphate As P",mg/l,GRBCML,GREAT BAY ESTUARY - COASTAL MARINE LABORATORY,"GRBCML - Phosphorus, Orthophosphate As P - mg/l",2006
7/24/06 9:29,0.028,"Phosphorus, Orthophosphate As P",mg/l,GRBCML,GREAT BAY ESTUARY - COASTAL MARINE LABORATORY,"GRBCML - Phosphorus, Orthophosphate As P - mg/l",2006
7/24/06 12:10,0.027,"Phosphorus, Orthophosphate As P",mg/l,GRBCML,GREAT BAY ESTUARY - COASTAL MARINE LABORATORY,"GRBCML - Phosphorus, Orthophosphate As P - mg/l",2006
7/24/06 13:10,0.029,"Phosphorus, Orthophosphate As P",mg/l,GRBCML,GREAT BAY ESTUARY - COASTAL MARINE LABORATORY,"GRBCML - Phosphorus, Orthophosphate As P - mg/l",2006
8/15/06 9:39,0.026,"Phosphorus, Orthophosphate As P",mg/l,GRBCML,GREAT BAY ESTUARY - COASTAL MARINE LABORATORY,"GRBCML - Phosphorus, Orthophosphate As P - mg/l",2006
8/15/06 10:39,0.026,"Phosphorus, Orthophosphate As P",mg/l,GRBCML,GREAT BAY ESTUARY - COASTAL MARINE LABORATORY,"GRBCML - Phosphorus, Orthophosphate As P - mg/l",2006
8/15/06 14:21,0.027,"Phosphorus, Orthophosphate As P",mg/l,GRBCML,GREAT BAY ESTUARY - COASTAL MARINE LABORATORY,"GRBCML - Phosphorus, Orthophosphate As P - mg/l",2006
8/15/06 15:21,0.027,"Phosphorus, Orthophosphate As P",mg/l,GRBCML,GREAT BAY ESTUARY - COASTAL MARINE LABORATORY,"GRBCML - Phosphorus, Orthophosphate As P - mg/l",2006
9/28/06 8:58,0.042,"Phosphorus, Orthophosphate As P",mg/l,GRBCML,GREAT BAY ESTUARY - COASTAL MARINE LABORATORY,"GRBCML - Phosphorus, Orthophosphate As P - mg/l",2006
9/28/06 9:58,0.042,"Phosphorus, Orthophosphate As P",mg/l,GRBCML,GREAT BAY ESTUARY - COASTAL MARINE LABORATORY,"GRBCML - Phosphorus, Orthophosphate As P - mg/l",2006
9/28/06 13:40,0.042,"Phosphorus, Orthophosphate As P",mg/l,GRBCML,GREAT BAY ESTUARY - COASTAL MARINE LABORATORY,"GRBCML - Phosphorus, Orthophosphate As P - mg/l",2006
9/28/06 14:40,0.043,"Phosphorus, Orthophosphate As P",mg/l,GRBCML,GREAT BAY ESTUARY - COASTAL MARINE LABORATORY,"GRBCML - Phosphorus, Orthophosphate As P - mg/l",2006
10/26/06 8:07,0.032,"Phosphorus, Orthophosphate As P",mg/l,GRBCML,GREAT BAY ESTUARY - COASTAL MARINE LABORATORY,"GRBCML - Phosphorus, Orthophosphate As P - mg/l",2006
10/26/06 9:07,0.02,"Phosphorus, Orthophosphate As P",mg/l,GRBCML,GREAT BAY ESTUARY - COASTAL MARINE LABORATORY,"GRBCML - Phosphorus, Orthophosphate As P - mg/l",2006
10/26/06 13:10,0.031,"Phosphorus, Orthophosphate As P",mg/l,GRBCML,GREAT BAY ESTUARY - COASTAL MARINE LABORATORY,"GRBCML - Phosphorus, Orthophosphate As P - mg/l",2006
10/26/06 14:10,0.031,"Phosphorus, Orthophosphate As P",mg/l,GRBCML,GREAT BAY ESTUARY - COASTAL MARINE LABORATORY,"GRBCML - Phosphorus, Orthophosphate As P - mg/l",2006
11/29/06 9:24,0.024,"Phosphorus, Orthophosphate As P",mg/l,GRBCML,GREAT BAY ESTUARY - COASTAL MARINE LABORATORY,"GRBCML - Phosphorus, Orthophosphate As P - mg/l",2006
11/29/06 10:24,0.023,"Phosphorus, Orthophosphate As P",mg/l,GRBCML,GREAT BAY ESTUARY - COASTAL MARINE LABORATORY,"GRBCML - Phosphorus, Orthophosphate As P - mg/l",2006
11/29/06 14:05,0.022,"Phosphorus, Orthophosphate As P",mg/l,GRBCML,GREAT BAY ESTUARY - COASTAL MARINE LABORATORY,"GRBCML - Phosphorus, Orthophosphate As P - mg/l",2006
4/26/07 12:05,0.019,"Phosphorus, Orthophosphate As P",mg/l,GRBCML,GREAT BAY ESTUARY - COASTAL MARINE LABORATORY,"GRBCML - Phosphorus, Orthophosphate As P - mg/l",2007
4/26/07 13:05,0.02,"Phosphorus, Orthophosphate As P",mg/l,GRBCML,GREAT BAY ESTUARY - COASTAL MARINE LABORATORY,"GRBCML - Phosphorus, Orthophosphate As P - mg/l",2007
5/22/07 8:23,0.009,"Phosphorus, Orthophosphate As P",mg/l,GRBCML,GREAT BAY ESTUARY - COASTAL MARINE LABORATORY,"GRBCML - Phosphorus, Orthophosphate As P - mg/l",2007
5/22/07 9:23,0.01,"Phosphorus, Orthophosphate As P",mg/l,GRBCML,GREAT BAY ESTUARY - COASTAL MARINE LABORATORY,"GRBCML - Phosphorus, Orthophosphate As P - mg/l",2007
5/22/07 13:49,0.013,"Phosphorus, Orthophosphate As P",mg/l,GRBCML,GREAT BAY ESTUARY - COASTAL MARINE LABORATORY,"GRBCML - Phosphorus, Orthophosphate As P - mg/l",2007
5/22/07 14:49,0.015,"Phosphorus, Orthophosphate As P",mg/l,GRBCML,GREAT BAY ESTUARY - COASTAL MARINE LABORATORY,"GRBCML - Phosphorus, Orthophosphate As P - mg/l",2007
6/12/07 7:50,0.015,"Phosphorus, Orthophosphate As P",mg/l,GRBCML,GREAT BAY ESTUARY - COASTAL MARINE LABORATORY,"GRBCML - Phosphorus, Orthophosphate As P - mg/l",2007
6/12/07 8:50,0.018,"Phosphorus, Orthophosphate As P",mg/l,GRBCML,GREAT BAY ESTUARY - COASTAL MARINE LABORATORY,"GRBCML - Phosphorus, Orthophosphate As P - mg/l",2007
6/12/07 13:06,0.015,"Phosphorus, Orthophosphate As P",mg/l,GRBCML,GREAT BAY ESTUARY - COASTAL MARINE LABORATORY,"GRBCML - Phosphorus, Orthophosphate As P - mg/l",2007
6/12/07 14:06,0.013,"Phosphorus, Orthophosphate As P",mg/l,GRBCML,GREAT BAY ESTUARY - COASTAL MARINE LABORATORY,"GRBCML - Phosphorus, Orthophosphate As P - mg/l",2007
7/18/07 7:08,0.02,"Phosphorus, Orthophosphate As P",mg/l,GRBCML,GREAT BAY ESTUARY - COASTAL MARINE LABORATORY,"GRBCML - Phosphorus, Orthophosphate As P - mg/l",2007
7/18/07 8:08,0.024,"Phosphorus, Orthophosphate As P",mg/l,GRBCML,GREAT BAY ESTUARY - COASTAL MARINE LABORATORY,"GRBCML - Phosphorus, Orthophosphate As P - mg/l",2007
7/18/07 12:10,0.03,"Phosphorus, Orthophosphate As P",mg/l,GRBCML,GREAT BAY ESTUARY - COASTAL MARINE LABORATORY,"GRBCML - Phosphorus, Orthophosphate As P - mg/l",2007
7/18/07 13:10,0.025,"Phosphorus, Orthophosphate As P",mg/l,GRBCML,GREAT BAY ESTUARY - COASTAL MARINE LABORATORY,"GRBCML - Phosphorus, Orthophosphate As P - mg/l",2007
8/15/07 6:48,0.021,"Phosphorus, Orthophosphate As P",mg/l,GRBCML,GREAT BAY ESTUARY - COASTAL MARINE LABORATORY,"GRBCML - Phosphorus, Orthophosphate As P - mg/l",2007
8/15/07 7:48,0.023,"Phosphorus, Orthophosphate As P",mg/l,GRBCML,GREAT BAY ESTUARY - COASTAL MARINE LABORATORY,"GRBCML - Phosphorus, Orthophosphate As P - mg/l",2007
8/15/07 12:32,0.009,"Phosphorus, Orthophosphate As P",mg/l,GRBCML,GREAT BAY ESTUARY - COASTAL MARINE LABORATORY,"GRBCML - Phosphorus, Orthophosphate As P - mg/l",2007
8/15/07 13:32,0.025,"Phosphorus, Orthophosphate As P",mg/l,GRBCML,GREAT BAY ESTUARY - COASTAL MARINE LABORATORY,"GRBCML - Phosphorus, Orthophosphate As P - mg/l",2007
9/25/07 8:43,0.025,"Phosphorus, Orthophosphate As P",mg/l,GRBCML,GREAT BAY ESTUARY - COASTAL MARINE LABORATORY,"GRBCML - Phosphorus, Orthophosphate As P - mg/l",2007
9/25/07 9:43,0.026,"Phosphorus, Orthophosphate As P",mg/l,GRBCML,GREAT BAY ESTUARY - COASTAL MARINE LABORATORY,"GRBCML - Phosphorus, Orthophosphate As P - mg/l",2007
9/25/07 13:56,0.022,"Phosphorus, Orthophosphate As P",mg/l,GRBCML,GREAT BAY ESTUARY - COASTAL MARINE LABORATORY,"GRBCML - Phosphorus, Orthophosphate As P - mg/l",2007
9/25/07 14:56,0.017,"Phosphorus, Orthophosphate As P",mg/l,GRBCML,GREAT BAY ESTUARY - COASTAL MARINE LABORATORY,"GRBCML - Phosphorus, Orthophosphate As P - mg/l",2007
10/31/07 8:35,0.038,"Phosphorus, Orthophosphate As P",mg/l,GRBCML,GREAT BAY ESTUARY - COASTAL MARINE LABORATORY,"GRBCML - Phosphorus, Orthophosphate As P - mg/l",2007
10/31/07 9:35,0.033,"Phosphorus, Orthophosphate As P",mg/l,GRBCML,GREAT BAY ESTUARY - COASTAL MARINE LABORATORY,"GRBCML - Phosphorus, Orthophosphate As P - mg/l",2007
10/31/07 13:59,0.026,"Phosphorus, Orthophosphate As P",mg/l,GRBCML,GREAT BAY ESTUARY - COASTAL MARINE LABORATORY,"GRBCML - Phosphorus, Orthophosphate As P - mg/l",2007
10/31/07 14:59,0.02,"Phosphorus, Orthophosphate As P",mg/l,GRBCML,GREAT BAY ESTUARY - COASTAL MARINE LABORATORY,"GRBCML - Phosphorus, Orthophosphate As P - mg/l",2007
11/28/07 13:17,0.029,"Phosphorus, Orthophosphate As P",mg/l,GRBCML,GREAT BAY ESTUARY - COASTAL MARINE LABORATORY,"GRBCML - Phosphorus, Orthophosphate As P - mg/l",2007
11/28/07 14:17,0.026,"Phosphorus, Orthophosphate As P",mg/l,GRBCML,GREAT BAY ESTUARY - COASTAL MARINE LABORATORY,"GRBCML - Phosphorus, Orthophosphate As P - mg/l",2007
12/18/07 9:34,0.032,"Phosphorus, Orthophosphate As P",mg/l,GRBCML,GREAT BAY ESTUARY - COASTAL MARINE LABORATORY,"GRBCML - Phosphorus, Orthophosphate As P - mg/l",2007
12/18/07 10:34,0.03,"Phosphorus, Orthophosphate As P",mg/l,GRBCML,GREAT BAY ESTUARY - COASTAL MARINE LABORATORY,"GRBCML - Phosphorus, Orthophosphate As P - mg/l",2007
12/18/07 15:40,0.035,"Phosphorus, Orthophosphate As P",mg/l,GRBCML,GREAT BAY ESTUARY - COASTAL MARINE LABORATORY,"GRBCML - Phosphorus, Orthophosphate As P - mg/l",2007
12/18/07 16:40,0.03,"Phosphorus, Orthophosphate As P",mg/l,GRBCML,GREAT BAY ESTUARY - COASTAL MARINE LABORATORY,"GRBCML - Phosphorus, Orthophosphate As P - mg/l",2007
4/16/08 9:21,0.012,"Phosphorus, Orthophosphate As P",mg/l,GRBCML,GREAT BAY ESTUARY - COASTAL MARINE LABORATORY,"GRBCML - Phosphorus, Orthophosphate As P - mg/l",2008
4/16/08 10:21,0.012,"Phosphorus, Orthophosphate As P",mg/l,GRBCML,GREAT BAY ESTUARY - COASTAL MARINE LABORATORY,"GRBCML - Phosphorus, Orthophosphate As P - mg/l",2008
4/16/08 14:08,0.01,"Phosphorus, Orthophosphate As P",mg/l,GRBCML,GREAT BAY ESTUARY - COASTAL MARINE LABORATORY,"GRBCML - Phosphorus, Orthophosphate As P - mg/l",2008
4/16/08 15:08,0.01,"Phosphorus, Orthophosphate As P",mg/l,GRBCML,GREAT BAY ESTUARY - COASTAL MARINE LABORATORY,"GRBCML - Phosphorus, Orthophosphate As P - mg/l",2008
5/14/08 7:48,0.009,"Phosphorus, Orthophosphate As P",mg/l,GRBCML,GREAT BAY ESTUARY - COASTAL MARINE LABORATORY,"GRBCML - Phosphorus, Orthophosphate As P - mg/l",2008
5/14/08 8:48,0.012,"Phosphorus, Orthophosphate As P",mg/l,GRBCML,GREAT BAY ESTUARY - COASTAL MARINE LABORATORY,"GRBCML - Phosphorus, Orthophosphate As P - mg/l",2008
5/14/08 13:34,0.011,"Phosphorus, Orthophosphate As P",mg/l,GRBCML,GREAT BAY ESTUARY - COASTAL MARINE LABORATORY,"GRBCML - Phosphorus, Orthophosphate As P - mg/l",2008
5/14/08 14:34,0.009,"Phosphorus, Orthophosphate As P",mg/l,GRBCML,GREAT BAY ESTUARY - COASTAL MARINE LABORATORY,"GRBCML - Phosphorus, Orthophosphate As P - mg/l",2008
6/18/08 8:42,0.027,"Phosphorus, Orthophosphate As P",mg/l,GRBCML,GREAT BAY ESTUARY - COASTAL MARINE LABORATORY,"GRBCML - Phosphorus, Orthophosphate As P - mg/l",2008
6/18/08 12:30,0.012,"Phosphorus, Orthophosphate As P",mg/l,GRBCML,GREAT BAY ESTUARY - COASTAL MARINE LABORATORY,"GRBCML - Phosphorus, Orthophosphate As P - mg/l",2008
7/29/08 9:46,0.008,"Phosphorus, Orthophosphate As P",mg/l,GRBCML,GREAT BAY ESTUARY - COASTAL MARINE LABORATORY,"GRBCML - Phosphorus, Orthophosphate As P - mg/l",2008
7/29/08 10:46,0.026,"Phosphorus, Orthophosphate As P",mg/l,GRBCML,GREAT BAY ESTUARY - COASTAL MARINE LABORATORY,"GRBCML - Phosphorus, Orthophosphate As P - mg/l",2008
7/29/08 14:24,0.022,"Phosphorus, Orthophosphate As P",mg/l,GRBCML,GREAT BAY ESTUARY - COASTAL MARINE LABORATORY,"GRBCML - Phosphorus, Orthophosphate As P - mg/l",2008
7/29/08 15:24,0.019,"Phosphorus, Orthophosphate As P",mg/l,GRBCML,GREAT BAY ESTUARY - COASTAL MARINE LABORATORY,"GRBCML - Phosphorus, Orthophosphate As P - mg/l",2008
8/20/08 8:20,0.015,"Phosphorus, Orthophosphate As P",mg/l,GRBCML,GREAT BAY ESTUARY - COASTAL MARINE LABORATORY,"GRBCML - Phosphorus, Orthophosphate As P - mg/l",2008
8/20/08 9:20,0.027,"Phosphorus, Orthophosphate As P",mg/l,GRBCML,GREAT BAY ESTUARY - COASTAL MARINE LABORATORY,"GRBCML - Phosphorus, Orthophosphate As P - mg/l",2008
8/20/08 12:42,0.022,"Phosphorus, Orthophosphate As P",mg/l,GRBCML,GREAT BAY ESTUARY - COASTAL MARINE LABORATORY,"GRBCML - Phosphorus, Orthophosphate As P - mg/l",2008
8/20/08 13:42,0.023,"Phosphorus, Orthophosphate As P",mg/l,GRBCML,GREAT BAY ESTUARY - COASTAL MARINE LABORATORY,"GRBCML - Phosphorus, Orthophosphate As P - mg/l",2008
9/9/08 8:00,0.024,"Phosphorus, Orthophosphate As P",mg/l,GRBCML,GREAT BAY ESTUARY - COASTAL MARINE LABORATORY,"GRBCML - Phosphorus, Orthophosphate As P - mg/l",2008
9/9/08 9:00,0.029,"Phosphorus, Orthophosphate As P",mg/l,GRBCML,GREAT BAY ESTUARY - COASTAL MARINE LABORATORY,"GRBCML - Phosphorus, Orthophosphate As P - mg/l",2008
9/9/08 11:47,0.024,"Phosphorus, Orthophosphate As P",mg/l,GRBCML,GREAT BAY ESTUARY - COASTAL MARINE LABORATORY,"GRBCML - Phosphorus, Orthophosphate As P - mg/l",2008
9/9/08 12:47,0.023,"Phosphorus, Orthophosphate As P",mg/l,GRBCML,GREAT BAY ESTUARY - COASTAL MARINE LABORATORY,"GRBCML - Phosphorus, Orthophosphate As P - mg/l",2008
10/13/08 10:05,0.029,"Phosphorus, Orthophosphate As P",mg/l,GRBCML,GREAT BAY ESTUARY - COASTAL MARINE LABORATORY,"GRBCML - Phosphorus, Orthophosphate As P - mg/l",2008
10/13/08 11:05,0.028,"Phosphorus, Orthophosphate As P",mg/l,GRBCML,GREAT BAY ESTUARY - COASTAL MARINE LABORATORY,"GRBCML - Phosphorus, Orthophosphate As P - mg/l",2008
10/13/08 14:15,0.024,"Phosphorus, Orthophosphate As P",mg/l,GRBCML,GREAT BAY ESTUARY - COASTAL MARINE LABORATORY,"GRBCML - Phosphorus, Orthophosphate As P - mg/l",2008
10/13/08 15:15,0.027,"Phosphorus, Orthophosphate As P",mg/l,GRBCML,GREAT BAY ESTUARY - COASTAL MARINE LABORATORY,"GRBCML - Phosphorus, Orthophosphate As P - mg/l",2008
11/12/08 9:28,0.028,"Phosphorus, Orthophosphate As P",mg/l,GRBCML,GREAT BAY ESTUARY - COASTAL MARINE LABORATORY,"GRBCML - Phosphorus, Orthophosphate As P - mg/l",2008
11/12/08 10:28,0.026,"Phosphorus, Orthophosphate As P",mg/l,GRBCML,GREAT BAY ESTUARY - COASTAL MARINE LABORATORY,"GRBCML - Phosphorus, Orthophosphate As P - mg/l",2008
11/12/08 13:01,0.028,"Phosphorus, Orthophosphate As P",mg/l,GRBCML,GREAT BAY ESTUARY - COASTAL MARINE LABORATORY,"GRBCML - Phosphorus, Orthophosphate As P - mg/l",2008
11/12/08 14:01,0.025,"Phosphorus, Orthophosphate As P",mg/l,GRBCML,GREAT BAY ESTUARY - COASTAL MARINE LABORATORY,"GRBCML - Phosphorus, Orthophosphate As P - mg/l",2008
12/17/08 9:26,0.01,"Phosphorus, Orthophosphate As P",mg/l,GRBCML,GREAT BAY ESTUARY - COASTAL MARINE LABORATORY,"GRBCML - Phosphorus, Orthophosphate As P - mg/l",2008
12/17/08 10:26,0.028,"Phosphorus, Orthophosphate As P",mg/l,GRBCML,GREAT BAY ESTUARY - COASTAL MARINE LABORATORY,"GRBCML - Phosphorus, Orthophosphate As P - mg/l",2008
12/17/08 14:32,0.021,"Phosphorus, Orthophosphate As P",mg/l,GRBCML,GREAT BAY ESTUARY - COASTAL MARINE LABORATORY,"GRBCML - Phosphorus, Orthophosphate As P - mg/l",2008
12/17/08 15:32,0.015,"Phosphorus, Orthophosphate As P",mg/l,GRBCML,GREAT BAY ESTUARY - COASTAL MARINE LABORATORY,"GRBCML - Phosphorus, Orthophosphate As P - mg/l",2008
4/27/09 11:56,0.006,"Phosphorus, Orthophosphate As P",mg/l,GRBCML,GREAT BAY ESTUARY - COASTAL MARINE LABORATORY,"GRBCML - Phosphorus, Orthophosphate As P - mg/l",2009
4/27/09 12:56,0.014,"Phosphorus, Orthophosphate As P",mg/l,GRBCML,GREAT BAY ESTUARY - COASTAL MARINE LABORATORY,"GRBCML - Phosphorus, Orthophosphate As P - mg/l",2009
4/27/09 16:50,0.007,"Phosphorus, Orthophosphate As P",mg/l,GRBCML,GREAT BAY ESTUARY - COASTAL MARINE LABORATORY,"GRBCML - Phosphorus, Orthophosphate As P - mg/l",2009
4/27/09 17:50,0.018,"Phosphorus, Orthophosphate As P",mg/l,GRBCML,GREAT BAY ESTUARY - COASTAL MARINE LABORATORY,"GRBCML - Phosphorus, Orthophosphate As P - mg/l",2009
5/20/09 7:29,0.021,"Phosphorus, Orthophosphate As P",mg/l,GRBCML,GREAT BAY ESTUARY - COASTAL MARINE LABORATORY,"GRBCML - Phosphorus, Orthophosphate As P - mg/l",2009
5/20/09 8:29,0.053,"Phosphorus, Orthophosphate As P",mg/l,GRBCML,GREAT BAY ESTUARY - COASTAL MARINE LABORATORY,"GRBCML - Phosphorus, Orthophosphate As P - mg/l",2009
5/20/09 11:20,0.018,"Phosphorus, Orthophosphate As P",mg/l,GRBCML,GREAT BAY ESTUARY - COASTAL MARINE LABORATORY,"GRBCML - Phosphorus, Orthophosphate As P - mg/l",2009
5/20/09 12:20,0.014,"Phosphorus, Orthophosphate As P",mg/l,GRBCML,GREAT BAY ESTUARY - COASTAL MARINE LABORATORY,"GRBCML - Phosphorus, Orthophosphate As P - mg/l",2009
6/25/09 7:33,0.018,"Phosphorus, Orthophosphate As P",mg/l,GRBCML,GREAT BAY ESTUARY - COASTAL MARINE LABORATORY,"GRBCML - Phosphorus, Orthophosphate As P - mg/l",2009
6/25/09 12:32,0.026,"Phosphorus, Orthophosphate As P",mg/l,GRBCML,GREAT BAY ESTUARY - COASTAL MARINE LABORATORY,"GRBCML - Phosphorus, Orthophosphate As P - mg/l",2009
7/13/09 8:33,0.044,"Phosphorus, Orthophosphate As P",mg/l,GRBCML,GREAT BAY ESTUARY - COASTAL MARINE LABORATORY,"GRBCML - Phosphorus, Orthophosphate As P - mg/l",2009
7/13/09 13:34,0.026,"Phosphorus, Orthophosphate As P",mg/l,GRBCML,GREAT BAY ESTUARY - COASTAL MARINE LABORATORY,"GRBCML - Phosphorus, Orthophosphate As P - mg/l",2009
8/20/09 10:06,0.029,"Phosphorus, Orthophosphate As P",mg/l,GRBCML,GREAT BAY ESTUARY - COASTAL MARINE LABORATORY,"GRBCML - Phosphorus, Orthophosphate As P - mg/l",2009
8/20/09 15:31,0.022,"Phosphorus, Orthophosphate As P",mg/l,GRBCML,GREAT BAY ESTUARY - COASTAL MARINE LABORATORY,"GRBCML - Phosphorus, Orthophosphate As P - mg/l",2009
9/17/09 9:01,0.034,"Phosphorus, Orthophosphate As P",mg/l,GRBCML,GREAT BAY ESTUARY - COASTAL MARINE LABORATORY,"GRBCML - Phosphorus, Orthophosphate As P - mg/l",2009
9/17/09 14:26,0.02,"Phosphorus, Orthophosphate As P",mg/l,GRBCML,GREAT BAY ESTUARY - COASTAL MARINE LABORATORY,"GRBCML - Phosphorus, Orthophosphate As P - mg/l",2009
10/29/09 8:30,0.022,"Phosphorus, Orthophosphate As P",mg/l,GRBCML,GREAT BAY ESTUARY - COASTAL MARINE LABORATORY,"GRBCML - Phosphorus, Orthophosphate As P - mg/l",2009
10/29/09 13:00,0.178,"Phosphorus, Orthophosphate As P",mg/l,GRBCML,GREAT BAY ESTUARY - COASTAL MARINE LABORATORY,"GRBCML - Phosphorus, Orthophosphate As P - mg/l",2009
11/13/09 7:47,0.046,"Phosphorus, Orthophosphate As P",mg/l,GRBCML,GREAT BAY ESTUARY - COASTAL MARINE LABORATORY,"GRBCML - Phosphorus, Orthophosphate As P - mg/l",2009
11/13/09 12:15,0.023,"Phosphorus, Orthophosphate As P",mg/l,GRBCML,GREAT BAY ESTUARY - COASTAL MARINE LABORATORY,"GRBCML - Phosphorus, Orthophosphate As P - mg/l",2009
12/21/09 7:30,0.031,"Phosphorus, Orthophosphate As P",mg/l,GRBCML,GREAT BAY ESTUARY - COASTAL MARINE LABORATORY,"GRBCML - Phosphorus, Orthophosphate As P - mg/l",2009
12/21/09 12:10,0.032,"Phosphorus, Orthophosphate As P",mg/l,GRBCML,GREAT BAY ESTUARY - COASTAL MARINE LABORATORY,"GRBCML - Phosphorus, Orthophosphate As P - mg/l",2009
4/26/10 9:09,0.017,"Phosphorus, Orthophosphate As P",mg/l,GRBCML,GREAT BAY ESTUARY - COASTAL MARINE LABORATORY,"GRBCML - Phosphorus, Orthophosphate As P - mg/l",2010
4/26/10 10:09,0.011,"Phosphorus, Orthophosphate As P",mg/l,GRBCML,GREAT BAY ESTUARY - COASTAL MARINE LABORATORY,"GRBCML - Phosphorus, Orthophosphate As P - mg/l",2010
4/26/10 11:09,0.011,"Phosphorus, Orthophosphate As P",mg/l,GRBCML,GREAT BAY ESTUARY - COASTAL MARINE LABORATORY,"GRBCML - Phosphorus, Orthophosphate As P - mg/l",2010
4/26/10 14:50,0.01,"Phosphorus, Orthophosphate As P",mg/l,GRBCML,GREAT BAY ESTUARY - COASTAL MARINE LABORATORY,"GRBCML - Phosphorus, Orthophosphate As P - mg/l",2010
5/28/10 10:42,0.014,"Phosphorus, Orthophosphate As P",mg/l,GRBCML,GREAT BAY ESTUARY - COASTAL MARINE LABORATORY,"GRBCML - Phosphorus, Orthophosphate As P - mg/l",2010
5/28/10 15:26,0.014,"Phosphorus, Orthophosphate As P",mg/l,GRBCML,GREAT BAY ESTUARY - COASTAL MARINE LABORATORY,"GRBCML - Phosphorus, Orthophosphate As P - mg/l",2010
6/15/10 7:56,0.012,"Phosphorus, Orthophosphate As P",mg/l,GRBCML,GREAT BAY ESTUARY - COASTAL MARINE LABORATORY,"GRBCML - Phosphorus, Orthophosphate As P - mg/l",2010
6/15/10 11:39,0.018,"Phosphorus, Orthophosphate As P",mg/l,GRBCML,GREAT BAY ESTUARY - COASTAL MARINE LABORATORY,"GRBCML - Phosphorus, Orthophosphate As P - mg/l",2010
6/15/10 12:39,0.016,"Phosphorus, Orthophosphate As P",mg/l,GRBCML,GREAT BAY ESTUARY - COASTAL MARINE LABORATORY,"GRBCML - Phosphorus, Orthophosphate As P - mg/l",2010
6/15/10 13:39,0.012,"Phosphorus, Orthophosphate As P",mg/l,GRBCML,GREAT BAY ESTUARY - COASTAL MARINE LABORATORY,"GRBCML - Phosphorus, Orthophosphate As P - mg/l",2010
7/28/10 7:20,0.015,"Phosphorus, Orthophosphate As P",mg/l,GRBCML,GREAT BAY ESTUARY - COASTAL MARINE LABORATORY,"GRBCML - Phosphorus, Orthophosphate As P - mg/l",2010
7/28/10 8:20,0.019,"Phosphorus, Orthophosphate As P",mg/l,GRBCML,GREAT BAY ESTUARY - COASTAL MARINE LABORATORY,"GRBCML - Phosphorus, Orthophosphate As P - mg/l",2010
7/28/10 9:20,0.019,"Phosphorus, Orthophosphate As P",mg/l,GRBCML,GREAT BAY ESTUARY - COASTAL MARINE LABORATORY,"GRBCML - Phosphorus, Orthophosphate As P - mg/l",2010
7/28/10 11:46,0.021,"Phosphorus, Orthophosphate As P",mg/l,GRBCML,GREAT BAY ESTUARY - COASTAL MARINE LABORATORY,"GRBCML - Phosphorus, Orthophosphate As P - mg/l",2010
8/23/10 11:10,0.025,"Phosphorus, Orthophosphate As P",mg/l,GRBCML,GREAT BAY ESTUARY - COASTAL MARINE LABORATORY,"GRBCML - Phosphorus, Orthophosphate As P - mg/l",2010
8/23/10 15:30,0.018,"Phosphorus, Orthophosphate As P",mg/l,GRBCML,GREAT BAY ESTUARY - COASTAL MARINE LABORATORY,"GRBCML - Phosphorus, Orthophosphate As P - mg/l",2010
9/28/10 8:45,0.029,"Phosphorus, Orthophosphate As P",mg/l,GRBCML,GREAT BAY ESTUARY - COASTAL MARINE LABORATORY,"GRBCML - Phosphorus, Orthophosphate As P - mg/l",2010
10/28/10 8:45,0.015,"Phosphorus, Orthophosphate As P",mg/l,GRBCML,GREAT BAY ESTUARY - COASTAL MARINE LABORATORY,"GRBCML - Phosphorus, Orthophosphate As P - mg/l",2010
10/28/10 12:22,0.035,"Phosphorus, Orthophosphate As P",mg/l,GRBCML,GREAT BAY ESTUARY - COASTAL MARINE LABORATORY,"GRBCML - Phosphorus, Orthophosphate As P - mg/l",2010
11/29/10 10:42,0.032,"Phosphorus, Orthophosphate As P",mg/l,GRBCML,GREAT BAY ESTUARY - COASTAL MARINE LABORATORY,"GRBCML - Phosphorus, Orthophosphate As P - mg/l",2010
11/29/10 14:25,0.033,"Phosphorus, Orthophosphate As P",mg/l,GRBCML,GREAT BAY ESTUARY - COASTAL MARINE LABORATORY,"GRBCML - Phosphorus, Orthophosphate As P - mg/l",2010
12/20/10 9:39,0.028,"Phosphorus, Orthophosphate As P",mg/l,GRBCML,GREAT BAY ESTUARY - COASTAL MARINE LABORATORY,"GRBCML - Phosphorus, Orthophosphate As P - mg/l",2010
12/20/10 13:45,0.029,"Phosphorus, Orthophosphate As P",mg/l,GRBCML,GREAT BAY ESTUARY - COASTAL MARINE LABORATORY,"GRBCML - Phosphorus, Orthophosphate As P - mg/l",2010
12/20/10 14:45,0.031,"Phosphorus, Orthophosphate As P",mg/l,GRBCML,GREAT BAY ESTUARY - COASTAL MARINE LABORATORY,"GRBCML - Phosphorus, Orthophosphate As P - mg/l",2010
12/20/10 15:45,0.032,"Phosphorus, Orthophosphate As P",mg/l,GRBCML,GREAT BAY ESTUARY - COASTAL MARINE LABORATORY,"GRBCML - Phosphorus, Orthophosphate As P - mg/l",2010
4/25/11 10:10,0.008,"Phosphorus, Orthophosphate As P",mg/l,GRBCML,GREAT BAY ESTUARY - COASTAL MARINE LABORATORY,"GRBCML - Phosphorus, Orthophosphate As P - mg/l",2011
4/25/11 11:10,0.013,"Phosphorus, Orthophosphate As P",mg/l,GRBCML,GREAT BAY ESTUARY - COASTAL MARINE LABORATORY,"GRBCML - Phosphorus, Orthophosphate As P - mg/l",2011
4/25/11 12:10,0.01,"Phosphorus, Orthophosphate As P",mg/l,GRBCML,GREAT BAY ESTUARY - COASTAL MARINE LABORATORY,"GRBCML - Phosphorus, Orthophosphate As P - mg/l",2011
4/25/11 15:40,0.007,"Phosphorus, Orthophosphate As P",mg/l,GRBCML,GREAT BAY ESTUARY - COASTAL MARINE LABORATORY,"GRBCML - Phosphorus, Orthophosphate As P - mg/l",2011
5/31/11 15:00,0.011,"Phosphorus, Orthophosphate As P",mg/l,GRBCML,GREAT BAY ESTUARY - COASTAL MARINE LABORATORY,"GRBCML - Phosphorus, Orthophosphate As P - mg/l",2011
5/31/11 17:00,0.012,"Phosphorus, Orthophosphate As P",mg/l,GRBCML,GREAT BAY ESTUARY - COASTAL MARINE LABORATORY,"GRBCML - Phosphorus, Orthophosphate As P - mg/l",2011
6/29/11 10:09,0.013,"Phosphorus, Orthophosphate As P",mg/l,GRBCML,GREAT BAY ESTUARY - COASTAL MARINE LABORATORY,"GRBCML - Phosphorus, Orthophosphate As P - mg/l",2011
6/29/11 11:09,0.014,"Phosphorus, Orthophosphate As P",mg/l,GRBCML,GREAT BAY ESTUARY - COASTAL MARINE LABORATORY,"GRBCML - Phosphorus, Orthophosphate As P - mg/l",2011
6/29/11 12:09,0.014,"Phosphorus, Orthophosphate As P",mg/l,GRBCML,GREAT BAY ESTUARY - COASTAL MARINE LABORATORY,"GRBCML - Phosphorus, Orthophosphate As P - mg/l",2011
6/29/11 13:10,0.007,"Phosphorus, Orthophosphate As P",mg/l,GRBCML,GREAT BAY ESTUARY - COASTAL MARINE LABORATORY,"GRBCML - Phosphorus, Orthophosphate As P - mg/l",2011
7/13/11 9:45,0.017,"Phosphorus, Orthophosphate As P",mg/l,GRBCML,GREAT BAY ESTUARY - COASTAL MARINE LABORATORY,"GRBCML - Phosphorus, Orthophosphate As P - mg/l",2011
7/13/11 10:45,0.018,"Phosphorus, Orthophosphate As P",mg/l,GRBCML,GREAT BAY ESTUARY - COASTAL MARINE LABORATORY,"GRBCML - Phosphorus, Orthophosphate As P - mg/l",2011
7/13/11 11:45,0.018,"Phosphorus, Orthophosphate As P",mg/l,GRBCML,GREAT BAY ESTUARY - COASTAL MARINE LABORATORY,"GRBCML - Phosphorus, Orthophosphate As P - mg/l",2011
7/13/11 14:40,0.011,"Phosphorus, Orthophosphate As P",mg/l,GRBCML,GREAT BAY ESTUARY - COASTAL MARINE LABORATORY,"GRBCML - Phosphorus, Orthophosphate As P - mg/l",2011
8/10/11 8:49,0.016,"Phosphorus, Orthophosphate As P",mg/l,GRBCML,GREAT BAY ESTUARY - COASTAL MARINE LABORATORY,"GRBCML - Phosphorus, Orthophosphate As P - mg/l",2011
8/10/11 9:49,0.016,"Phosphorus, Orthophosphate As P",mg/l,GRBCML,GREAT BAY ESTUARY - COASTAL MARINE LABORATORY,"GRBCML - Phosphorus, Orthophosphate As P - mg/l",2011
8/10/11 10:49,0.019,"Phosphorus, Orthophosphate As P",mg/l,GRBCML,GREAT BAY ESTUARY - COASTAL MARINE LABORATORY,"GRBCML - Phosphorus, Orthophosphate As P - mg/l",2011
8/10/11 13:02,0.013,"Phosphorus, Orthophosphate As P",mg/l,GRBCML,GREAT BAY ESTUARY - COASTAL MARINE LABORATORY,"GRBCML - Phosphorus, Orthophosphate As P - mg/l",2011
9/27/11 14:45,0.022,"Phosphorus, Orthophosphate As P",mg/l,GRBCML,GREAT BAY ESTUARY - COASTAL MARINE LABORATORY,"GRBCML - Phosphorus, Orthophosphate As P - mg/l",2011
10/26/11 9:40,0.028,"Phosphorus, Orthophosphate As P",mg/l,GRBCML,GREAT BAY ESTUARY - COASTAL MARINE LABORATORY,"GRBCML - Phosphorus, Orthophosphate As P - mg/l",2011
10/26/11 10:40,0.027,"Phosphorus, Orthophosphate As P",mg/l,GRBCML,GREAT BAY ESTUARY - COASTAL MARINE LABORATORY,"GRBCML - Phosphorus, Orthophosphate As P - mg/l",2011
10/26/11 11:40,0.027,"Phosphorus, Orthophosphate As P",mg/l,GRBCML,GREAT BAY ESTUARY - COASTAL MARINE LABORATORY,"GRBCML - Phosphorus, Orthophosphate As P - mg/l",2011
10/26/11 14:35,0.021,"Phosphorus, Orthophosphate As P",mg/l,GRBCML,GREAT BAY ESTUARY - COASTAL MARINE LABORATORY,"GRBCML - Phosphorus, Orthophosphate As P - mg/l",2011
11/16/11 8:30,0.026,"Phosphorus, Orthophosphate As P",mg/l,GRBCML,GREAT BAY ESTUARY - COASTAL MARINE LABORATORY,"GRBCML - Phosphorus, Orthophosphate As P - mg/l",2011
12/20/11 10:35,0.027,"Phosphorus, Orthophosphate As P",mg/l,GRBCML,GREAT BAY ESTUARY - COASTAL MARINE LABORATORY,"GRBCML - Phosphorus, Orthophosphate As P - mg/l",2011
4/26/12 9:40,0.015,"Phosphorus, Orthophosphate As P",mg/l,GRBCML,GREAT BAY ESTUARY - COASTAL MARINE LABORATORY,"GRBCML - Phosphorus, Orthophosphate As P - mg/l",2012
4/26/12 15:00,0.016,"Phosphorus, Orthophosphate As P",mg/l,GRBCML,GREAT BAY ESTUARY - COASTAL MARINE LABORATORY,"GRBCML - Phosphorus, Orthophosphate As P - mg/l",2012
4/26/12 16:00,0.015,"Phosphorus, Orthophosphate As P",mg/l,GRBCML,GREAT BAY ESTUARY - COASTAL MARINE LABORATORY,"GRBCML - Phosphorus, Orthophosphate As P - mg/l",2012
4/26/12 17:00,0.016,"Phosphorus, Orthophosphate As P",mg/l,GRBCML,GREAT BAY ESTUARY - COASTAL MARINE LABORATORY,"GRBCML - Phosphorus, Orthophosphate As P - mg/l",2012
5/31/12 11:52,0.009,"Phosphorus, Orthophosphate As P",mg/l,GRBCML,GREAT BAY ESTUARY - COASTAL MARINE LABORATORY,"GRBCML - Phosphorus, Orthophosphate As P - mg/l",2012
6/27/12 11:40,0.015,"Phosphorus, Orthophosphate As P",mg/l,GRBCML,GREAT BAY ESTUARY - COASTAL MARINE LABORATORY,"GRBCML - Phosphorus, Orthophosphate As P - mg/l",2012
6/27/12 12:40,0.015,"Phosphorus, Orthophosphate As P",mg/l,GRBCML,GREAT BAY ESTUARY - COASTAL MARINE LABORATORY,"GRBCML - Phosphorus, Orthophosphate As P - mg/l",2012
6/27/12 13:40,0.016,"Phosphorus, Orthophosphate As P",mg/l,GRBCML,GREAT BAY ESTUARY - COASTAL MARINE LABORATORY,"GRBCML - Phosphorus, Orthophosphate As P - mg/l",2012
6/27/12 14:50,0.017,"Phosphorus, Orthophosphate As P",mg/l,GRBCML,GREAT BAY ESTUARY - COASTAL MARINE LABORATORY,"GRBCML - Phosphorus, Orthophosphate As P - mg/l",2012
7/16/12 10:42,0.022,"Phosphorus, Orthophosphate As P",mg/l,GRBCML,GREAT BAY ESTUARY - COASTAL MARINE LABORATORY,"GRBCML - Phosphorus, Orthophosphate As P - mg/l",2012
7/16/12 11:42,0.015,"Phosphorus, Orthophosphate As P",mg/l,GRBCML,GREAT BAY ESTUARY - COASTAL MARINE LABORATORY,"GRBCML - Phosphorus, Orthophosphate As P - mg/l",2012
7/16/12 12:42,0.019,"Phosphorus, Orthophosphate As P",mg/l,GRBCML,GREAT BAY ESTUARY - COASTAL MARINE LABORATORY,"GRBCML - Phosphorus, Orthophosphate As P - mg/l",2012
7/16/12 15:00,0.009,"Phosphorus, Orthophosphate As P",mg/l,GRBCML,GREAT BAY ESTUARY - COASTAL MARINE LABORATORY,"GRBCML - Phosphorus, Orthophosphate As P - mg/l",2012
8/29/12 9:15,0.033,"Phosphorus, Orthophosphate As P",mg/l,GRBCML,GREAT BAY ESTUARY - COASTAL MARINE LABORATORY,"GRBCML - Phosphorus, Orthophosphate As P - mg/l",2012
8/29/12 10:15,0.032,"Phosphorus, Orthophosphate As P",mg/l,GRBCML,GREAT BAY ESTUARY - COASTAL MARINE LABORATORY,"GRBCML - Phosphorus, Orthophosphate As P - mg/l",2012
8/29/12 11:15,0.027,"Phosphorus, Orthophosphate As P",mg/l,GRBCML,GREAT BAY ESTUARY - COASTAL MARINE LABORATORY,"GRBCML - Phosphorus, Orthophosphate As P - mg/l",2012
8/29/12 15:30,0.024,"Phosphorus, Orthophosphate As P",mg/l,GRBCML,GREAT BAY ESTUARY - COASTAL MARINE LABORATORY,"GRBCML - Phosphorus, Orthophosphate As P - mg/l",2012
9/25/12 8:27,0.019,"Phosphorus, Orthophosphate As P",mg/l,GRBCML,GREAT BAY ESTUARY - COASTAL MARINE LABORATORY,"GRBCML - Phosphorus, Orthophosphate As P - mg/l",2012
9/25/12 9:27,0.014,"Phosphorus, Orthophosphate As P",mg/l,GRBCML,GREAT BAY ESTUARY - COASTAL MARINE LABORATORY,"GRBCML - Phosphorus, Orthophosphate As P - mg/l",2012
9/25/12 10:27,0.017,"Phosphorus, Orthophosphate As P",mg/l,GRBCML,GREAT BAY ESTUARY - COASTAL MARINE LABORATORY,"GRBCML - Phosphorus, Orthophosphate As P - mg/l",2012
9/25/12 13:30,0.034,"Phosphorus, Orthophosphate As P",mg/l,GRBCML,GREAT BAY ESTUARY - COASTAL MARINE LABORATORY,"GRBCML - Phosphorus, Orthophosphate As P - mg/l",2012
10/25/12 8:45,0.023,"Phosphorus, Orthophosphate As P",mg/l,GRBCML,GREAT BAY ESTUARY - COASTAL MARINE LABORATORY,"GRBCML - Phosphorus, Orthophosphate As P - mg/l",2012
10/25/12 9:45,0.023,"Phosphorus, Orthophosphate As P",mg/l,GRBCML,GREAT BAY ESTUARY - COASTAL MARINE LABORATORY,"GRBCML - Phosphorus, Orthophosphate As P - mg/l",2012
10/25/12 10:45,0.023,"Phosphorus, Orthophosphate As P",mg/l,GRBCML,GREAT BAY ESTUARY - COASTAL MARINE LABORATORY,"GRBCML - Phosphorus, Orthophosphate As P - mg/l",2012
10/25/12 12:05,0.021,"Phosphorus, Orthophosphate As P",mg/l,GRBCML,GREAT BAY ESTUARY - COASTAL MARINE LABORATORY,"GRBCML - Phosphorus, Orthophosphate As P - mg/l",2012
11/27/12 9:45,0.021,"Phosphorus, Orthophosphate As P",mg/l,GRBCML,GREAT BAY ESTUARY - COASTAL MARINE LABORATORY,"GRBCML - Phosphorus, Orthophosphate As P - mg/l",2012
11/27/12 10:45,0.023,"Phosphorus, Orthophosphate As P",mg/l,GRBCML,GREAT BAY ESTUARY - COASTAL MARINE LABORATORY,"GRBCML - Phosphorus, Orthophosphate As P - mg/l",2012
11/27/12 11:45,0.025,"Phosphorus, Orthophosphate As P",mg/l,GRBCML,GREAT BAY ESTUARY - COASTAL MARINE LABORATORY,"GRBCML - Phosphorus, Orthophosphate As P - mg/l",2012
11/27/12 14:10,0.02,"Phosphorus, Orthophosphate As P",mg/l,GRBCML,GREAT BAY ESTUARY - COASTAL MARINE LABORATORY,"GRBCML - Phosphorus, Orthophosphate As P - mg/l",2012
12/18/12 9:38,0.018,"Phosphorus, Orthophosphate As P",mg/l,GRBCML,GREAT BAY ESTUARY - COASTAL MARINE LABORATORY,"GRBCML - Phosphorus, Orthophosphate As P - mg/l",2012
12/18/12 10:38,0.02,"Phosphorus, Orthophosphate As P",mg/l,GRBCML,GREAT BAY ESTUARY - COASTAL MARINE LABORATORY,"GRBCML - Phosphorus, Orthophosphate As P - mg/l",2012
12/18/12 14:00,0.019,"Phosphorus, Orthophosphate As P",mg/l,GRBCML,GREAT BAY ESTUARY - COASTAL MARINE LABORATORY,"GRBCML - Phosphorus, Orthophosphate As P - mg/l",2012
4/24/13 14:15,0.008,"Phosphorus, Orthophosphate As P",mg/l,GRBCML,GREAT BAY ESTUARY - COASTAL MARINE LABORATORY,"GRBCML - Phosphorus, Orthophosphate As P - mg/l",2013
5/6/13 9:00,0.005,"Phosphorus, Orthophosphate As P",mg/l,GRBCML,GREAT BAY ESTUARY - COASTAL MARINE LABORATORY,"GRBCML - Phosphorus, Orthophosphate As P - mg/l",2013
5/6/13 13:20,0.007,"Phosphorus, Orthophosphate As P",mg/l,GRBCML,GREAT BAY ESTUARY - COASTAL MARINE LABORATORY,"GRBCML - Phosphorus, Orthophosphate As P - mg/l",2013
6/6/13 10:20,0.016,"Phosphorus, Orthophosphate As P",mg/l,GRBCML,GREAT BAY ESTUARY - COASTAL MARINE LABORATORY,"GRBCML - Phosphorus, Orthophosphate As P - mg/l",2013
6/6/13 14:30,0.011,"Phosphorus, Orthophosphate As P",mg/l,GRBCML,GREAT BAY ESTUARY - COASTAL MARINE LABORATORY,"GRBCML - Phosphorus, Orthophosphate As P - mg/l",2013
7/15/13 10:17,0.015,"Phosphorus, Orthophosphate As P",mg/l,GRBCML,GREAT BAY ESTUARY - COASTAL MARINE LABORATORY,"GRBCML - Phosphorus, Orthophosphate As P - mg/l",2013
7/15/13 15:05,0.021,"Phosphorus, Orthophosphate As P",mg/l,GRBCML,GREAT BAY ESTUARY - COASTAL MARINE LABORATORY,"GRBCML - Phosphorus, Orthophosphate As P - mg/l",2013
8/7/13 12:17,0.016,"Phosphorus, Orthophosphate As P",mg/l,GRBCML,GREAT BAY ESTUARY - COASTAL MARINE LABORATORY,"GRBCML - Phosphorus, Orthophosphate As P - mg/l",2013
8/7/13 15:55,0.013,"Phosphorus, Orthophosphate As P",mg/l,GRBCML,GREAT BAY ESTUARY - COASTAL MARINE LABORATORY,"GRBCML - Phosphorus, Orthophosphate As P - mg/l",2013
8/7/13 15:56,0.013,"Phosphorus, Orthophosphate As P",mg/l,GRBCML,GREAT BAY ESTUARY - COASTAL MARINE LABORATORY,"GRBCML - Phosphorus, Orthophosphate As P - mg/l",2013
8/7/13 15:57,0.013,"Phosphorus, Orthophosphate As P",mg/l,GRBCML,GREAT BAY ESTUARY - COASTAL MARINE LABORATORY,"GRBCML - Phosphorus, Orthophosphate As P - mg/l",2013
9/5/13 11:35,0.024,"Phosphorus, Orthophosphate As P",mg/l,GRBCML,GREAT BAY ESTUARY - COASTAL MARINE LABORATORY,"GRBCML - Phosphorus, Orthophosphate As P - mg/l",2013
9/5/13 16:05,0.016,"Phosphorus, Orthophosphate As P",mg/l,GRBCML,GREAT BAY ESTUARY - COASTAL MARINE LABORATORY,"GRBCML - Phosphorus, Orthophosphate As P - mg/l",2013
10/17/13 10:27,0.021,"Phosphorus, Orthophosphate As P",mg/l,GRBCML,GREAT BAY ESTUARY - COASTAL MARINE LABORATORY,"GRBCML - Phosphorus, Orthophosphate As P - mg/l",2013
10/17/13 16:00,0.015,"Phosphorus, Orthophosphate As P",mg/l,GRBCML,GREAT BAY ESTUARY - COASTAL MARINE LABORATORY,"GRBCML - Phosphorus, Orthophosphate As P - mg/l",2013
11/19/13 11:05,0.031,"Phosphorus, Orthophosphate As P",mg/l,GRBCML,GREAT BAY ESTUARY - COASTAL MARINE LABORATORY,"GRBCML - Phosphorus, Orthophosphate As P - mg/l",2013
11/19/13 16:09,0.03,"Phosphorus, Orthophosphate As P",mg/l,GRBCML,GREAT BAY ESTUARY - COASTAL MARINE LABORATORY,"GRBCML - Phosphorus, Orthophosphate As P - mg/l",2013
12/16/13 10:25,0.028,"Phosphorus, Orthophosphate As P",mg/l,GRBCML,GREAT BAY ESTUARY - COASTAL MARINE LABORATORY,"GRBCML - Phosphorus, Orthophosphate As P - mg/l",2013
12/16/13 10:26,0.025,"Phosphorus, Orthophosphate As P",mg/l,GRBCML,GREAT BAY ESTUARY - COASTAL MARINE LABORATORY,"GRBCML - Phosphorus, Orthophosphate As P - mg/l",2013
12/16/13 10:27,0.026,"Phosphorus, Orthophosphate As P",mg/l,GRBCML,GREAT BAY ESTUARY - COASTAL MARINE LABORATORY,"GRBCML - Phosphorus, Orthophosphate As P - mg/l",2013
12/16/13 15:26,0.029,"Phosphorus, Orthophosphate As P",mg/l,GRBCML,GREAT BAY ESTUARY - COASTAL MARINE LABORATORY,"GRBCML - Phosphorus, Orthophosphate As P - mg/l",2013
4/14/14 11:17,0.009,"Phosphorus, Orthophosphate As P",mg/l,GRBCML,GREAT BAY ESTUARY - COASTAL MARINE LABORATORY,"GRBCML - Phosphorus, Orthophosphate As P - mg/l",2014
4/14/14 11:18,0.013,"Phosphorus, Orthophosphate As P",mg/l,GRBCML,GREAT BAY ESTUARY - COASTAL MARINE LABORATORY,"GRBCML - Phosphorus, Orthophosphate As P - mg/l",2014
4/14/14 11:19,0.009,"Phosphorus, Orthophosphate As P",mg/l,GRBCML,GREAT BAY ESTUARY - COASTAL MARINE LABORATORY,"GRBCML - Phosphorus, Orthophosphate As P - mg/l",2014
4/14/14 15:48,0.015,"Phosphorus, Orthophosphate As P",mg/l,GRBCML,GREAT BAY ESTUARY - COASTAL MARINE LABORATORY,"GRBCML - Phosphorus, Orthophosphate As P - mg/l",2014
5/20/14 10:17,0.013,"Phosphorus, Orthophosphate As P",mg/l,GRBCML,GREAT BAY ESTUARY - COASTAL MARINE LABORATORY,"GRBCML - Phosphorus, Orthophosphate As P - mg/l",2014
5/20/14 14:40,0.013,"Phosphorus, Orthophosphate As P",mg/l,GRBCML,GREAT BAY ESTUARY - COASTAL MARINE LABORATORY,"GRBCML - Phosphorus, Orthophosphate As P - mg/l",2014
6/24/14 9:50,0.011,"Phosphorus, Orthophosphate As P",mg/l,GRBCML,GREAT BAY ESTUARY - COASTAL MARINE LABORATORY,"GRBCML - Phosphorus, Orthophosphate As P - mg/l",2014
6/24/14 14:40,0.012,"Phosphorus, Orthophosphate As P",mg/l,GRBCML,GREAT BAY ESTUARY - COASTAL MARINE LABORATORY,"GRBCML - Phosphorus, Orthophosphate As P - mg/l",2014
7/23/14 9:46,0.02,"Phosphorus, Orthophosphate As P",mg/l,GRBCML,GREAT BAY ESTUARY - COASTAL MARINE LABORATORY,"GRBCML - Phosphorus, Orthophosphate As P - mg/l",2014
7/23/14 13:52,0.012,"Phosphorus, Orthophosphate As P",mg/l,GRBCML,GREAT BAY ESTUARY - COASTAL MARINE LABORATORY,"GRBCML - Phosphorus, Orthophosphate As P - mg/l",2014
8/12/14 13:11,0.021,"Phosphorus, Orthophosphate As P",mg/l,GRBCML,GREAT BAY ESTUARY - COASTAL MARINE LABORATORY,"GRBCML - Phosphorus, Orthophosphate As P - mg/l",2014
8/12/14 16:10,0.016,"Phosphorus, Orthophosphate As P",mg/l,GRBCML,GREAT BAY ESTUARY - COASTAL MARINE LABORATORY,"GRBCML - Phosphorus, Orthophosphate As P - mg/l",2014
9/8/14 10:50,0.026,"Phosphorus, Orthophosphate As P",mg/l,GRBCML,GREAT BAY ESTUARY - COASTAL MARINE LABORATORY,"GRBCML - Phosphorus, Orthophosphate As P - mg/l",2014
9/8/14 15:23,0.022,"Phosphorus, Orthophosphate As P",mg/l,GRBCML,GREAT BAY ESTUARY - COASTAL MARINE LABORATORY,"GRBCML - Phosphorus, Orthophosphate As P - mg/l",2014
9/8/14 15:24,0.019,"Phosphorus, Orthophosphate As P",mg/l,GRBCML,GREAT BAY ESTUARY - COASTAL MARINE LABORATORY,"GRBCML - Phosphorus, Orthophosphate As P - mg/l",2014
9/8/14 15:25,0.023,"Phosphorus, Orthophosphate As P",mg/l,GRBCML,GREAT BAY ESTUARY - COASTAL MARINE LABORATORY,"GRBCML - Phosphorus, Orthophosphate As P - mg/l",2014
10/7/14 10:36,0.017,"Phosphorus, Orthophosphate As P",mg/l,GRBCML,GREAT BAY ESTUARY - COASTAL MARINE LABORATORY,"GRBCML - Phosphorus, Orthophosphate As P - mg/l",2014
10/7/14 16:07,0.017,"Phosphorus, Orthophosphate As P",mg/l,GRBCML,GREAT BAY ESTUARY - COASTAL MARINE LABORATORY,"GRBCML - Phosphorus, Orthophosphate As P - mg/l",2014
11/24/14 11:43,0.018,"Phosphorus, Orthophosphate As P",mg/l,GRBCML,GREAT BAY ESTUARY - COASTAL MARINE LABORATORY,"GRBCML - Phosphorus, Orthophosphate As P - mg/l",2014
11/24/14 17:05,0.02,"Phosphorus, Orthophosphate As P",mg/l,GRBCML,GREAT BAY ESTUARY - COASTAL MARINE LABORATORY,"GRBCML - Phosphorus, Orthophosphate As P - mg/l",2014
12/16/14 12:14,0.021,"Phosphorus, Orthophosphate As P",mg/l,GRBCML,GREAT BAY ESTUARY - COASTAL MARINE LABORATORY,"GRBCML - Phosphorus, Orthophosphate As P - mg/l",2014
12/16/14 16:22,0.023,"Phosphorus, Orthophosphate As P",mg/l,GRBCML,GREAT BAY ESTUARY - COASTAL MARINE LABORATORY,"GRBCML - Phosphorus, Orthophosphate As P - mg/l",2014
4/20/15 12:58,0.006,"Phosphorus, Orthophosphate As P",mg/l,GRBCML,GREAT BAY ESTUARY - COASTAL MARINE LABORATORY,"GRBCML - Phosphorus, Orthophosphate As P - mg/l",2015
4/20/15 16:30,0.014,"Phosphorus, Orthophosphate As P",mg/l,GRBCML,GREAT BAY ESTUARY - COASTAL MARINE LABORATORY,"GRBCML - Phosphorus, Orthophosphate As P - mg/l",2015
4/20/15 16:31,0.011,"Phosphorus, Orthophosphate As P",mg/l,GRBCML,GREAT BAY ESTUARY - COASTAL MARINE LABORATORY,"GRBCML - Phosphorus, Orthophosphate As P - mg/l",2015
6/1/15 11:10,0.015,"Phosphorus, Orthophosphate As P",mg/l,GRBCML,GREAT BAY ESTUARY - COASTAL MARINE LABORATORY,"GRBCML - Phosphorus, Orthophosphate As P - mg/l",2015
6/1/15 15:02,0.011,"Phosphorus, Orthophosphate As P",mg/l,GRBCML,GREAT BAY ESTUARY - COASTAL MARINE LABORATORY,"GRBCML - Phosphorus, Orthophosphate As P - mg/l",2015
7/2/15 12:17,0.014,"Phosphorus, Orthophosphate As P",mg/l,GRBCML,GREAT BAY ESTUARY - COASTAL MARINE LABORATORY,"GRBCML - Phosphorus, Orthophosphate As P - mg/l",2015
7/2/15 12:18,0.012,"Phosphorus, Orthophosphate As P",mg/l,GRBCML,GREAT BAY ESTUARY - COASTAL MARINE LABORATORY,"GRBCML - Phosphorus, Orthophosphate As P - mg/l",2015
7/2/15 12:19,0.013,"Phosphorus, Orthophosphate As P",mg/l,GRBCML,GREAT BAY ESTUARY - COASTAL MARINE LABORATORY,"GRBCML - Phosphorus, Orthophosphate As P - mg/l",2015
7/2/15 16:05,0.007,"Phosphorus, Orthophosphate As P",mg/l,GRBCML,GREAT BAY ESTUARY - COASTAL MARINE LABORATORY,"GRBCML - Phosphorus, Orthophosphate As P - mg/l",2015
8/6/15 10:46,0.015,"Phosphorus, Orthophosphate As P",mg/l,GRBCML,GREAT BAY ESTUARY - COASTAL MARINE LABORATORY,"GRBCML - Phosphorus, Orthophosphate As P - mg/l",2015
8/6/15 14:25,0.016,"Phosphorus, Orthophosphate As P",mg/l,GRBCML,GREAT BAY ESTUARY - COASTAL MARINE LABORATORY,"GRBCML - Phosphorus, Orthophosphate As P - mg/l",2015
9/3/15 9:15,0.015,"Phosphorus, Orthophosphate As P",mg/l,GRBCML,GREAT BAY ESTUARY - COASTAL MARINE LABORATORY,"GRBCML - Phosphorus, Orthophosphate As P - mg/l",2015
9/3/15 13:41,0.018,"Phosphorus, Orthophosphate As P",mg/l,GRBCML,GREAT BAY ESTUARY - COASTAL MARINE LABORATORY,"GRBCML - Phosphorus, Orthophosphate As P - mg/l",2015
10/27/15 11:14,0.019,"Phosphorus, Orthophosphate As P",mg/l,GRBCML,GREAT BAY ESTUARY - COASTAL MARINE LABORATORY,"GRBCML - Phosphorus, Orthophosphate As P - mg/l",2015
10/27/15 15:24,0.02,"Phosphorus, Orthophosphate As P",mg/l,GRBCML,GREAT BAY ESTUARY - COASTAL MARINE LABORATORY,"GRBCML - Phosphorus, Orthophosphate As P - mg/l",2015
11/24/15 8:55,0.019,"Phosphorus, Orthophosphate As P",mg/l,GRBCML,GREAT BAY ESTUARY - COASTAL MARINE LABORATORY,"GRBCML - Phosphorus, Orthophosphate As P - mg/l",2015
11/24/15 13:50,0.02,"Phosphorus, Orthophosphate As P",mg/l,GRBCML,GREAT BAY ESTUARY - COASTAL MARINE LABORATORY,"GRBCML - Phosphorus, Orthophosphate As P - mg/l",2015
12/17/15 9:15,0.02,"Phosphorus, Orthophosphate As P",mg/l,GRBCML,GREAT BAY ESTUARY - COASTAL MARINE LABORATORY,"GRBCML - Phosphorus, Orthophosphate As P - mg/l",2015
12/17/15 14:10,0.019,"Phosphorus, Orthophosphate As P",mg/l,GRBCML,GREAT BAY ESTUARY - COASTAL MARINE LABORATORY,"GRBCML - Phosphorus, Orthophosphate As P - mg/l",2015
4/6/16 9:22,0.009,"Phosphorus, Orthophosphate As P",mg/l,GRBCML,GREAT BAY ESTUARY - COASTAL MARINE LABORATORY,"GRBCML - Phosphorus, Orthophosphate As P - mg/l",2016
4/6/16 14:43,0.02,"Phosphorus, Orthophosphate As P",mg/l,GRBCML,GREAT BAY ESTUARY - COASTAL MARINE LABORATORY,"GRBCML - Phosphorus, Orthophosphate As P - mg/l",2016
5/11/16 9:25,0.014,"Phosphorus, Orthophosphate As P",mg/l,GRBCML,GREAT BAY ESTUARY - COASTAL MARINE LABORATORY,"GRBCML - Phosphorus, Orthophosphate As P - mg/l",2016
5/11/16 14:00,0.016,"Phosphorus, Orthophosphate As P",mg/l,GRBCML,GREAT BAY ESTUARY - COASTAL MARINE LABORATORY,"GRBCML - Phosphorus, Orthophosphate As P - mg/l",2016
6/2/16 9:18,0.007,"Phosphorus, Orthophosphate As P",mg/l,GRBCML,GREAT BAY ESTUARY - COASTAL MARINE LABORATORY,"GRBCML - Phosphorus, Orthophosphate As P - mg/l",2016
7/11/16 10:55,0.015,"Phosphorus, Orthophosphate As P",mg/l,GRBCML,GREAT BAY ESTUARY - COASTAL MARINE LABORATORY,"GRBCML - Phosphorus, Orthophosphate As P - mg/l",2016
7/11/16 15:30,0.016,"Phosphorus, Orthophosphate As P",mg/l,GRBCML,GREAT BAY ESTUARY - COASTAL MARINE LABORATORY,"GRBCML - Phosphorus, Orthophosphate As P - mg/l",2016
8/1/16 10:30,0.024,"Phosphorus, Orthophosphate As P",mg/l,GRBCML,GREAT BAY ESTUARY - COASTAL MARINE LABORATORY,"GRBCML - Phosphorus, Orthophosphate As P - mg/l",2016
8/1/16 14:55,0.016,"Phosphorus, Orthophosphate As P",mg/l,GRBCML,GREAT BAY ESTUARY - COASTAL MARINE LABORATORY,"GRBCML - Phosphorus, Orthophosphate As P - mg/l",2016
8/1/16 14:56,0.015,"Phosphorus, Orthophosphate As P",mg/l,GRBCML,GREAT BAY ESTUARY - COASTAL MARINE LABORATORY,"GRBCML - Phosphorus, Orthophosphate As P - mg/l",2016
8/1/16 14:57,0.014,"Phosphorus, Orthophosphate As P",mg/l,GRBCML,GREAT BAY ESTUARY - COASTAL MARINE LABORATORY,"GRBCML - Phosphorus, Orthophosphate As P - mg/l",2016
9/15/16 10:25,0.028,"Phosphorus, Orthophosphate As P",mg/l,GRBCML,GREAT BAY ESTUARY - COASTAL MARINE LABORATORY,"GRBCML - Phosphorus, Orthophosphate As P - mg/l",2016
9/15/16 14:31,0.022,"Phosphorus, Orthophosphate As P",mg/l,GRBCML,GREAT BAY ESTUARY - COASTAL MARINE LABORATORY,"GRBCML - Phosphorus, Orthophosphate As P - mg/l",2016
9/15/16 14:32,0.026,"Phosphorus, Orthophosphate As P",mg/l,GRBCML,GREAT BAY ESTUARY - COASTAL MARINE LABORATORY,"GRBCML - Phosphorus, Orthophosphate As P - mg/l",2016
9/15/16 14:33,0.025,"Phosphorus, Orthophosphate As P",mg/l,GRBCML,GREAT BAY ESTUARY - COASTAL MARINE LABORATORY,"GRBCML - Phosphorus, Orthophosphate As P - mg/l",2016
10/4/16 13:40,0.02,"Phosphorus, Orthophosphate As P",mg/l,GRBCML,GREAT BAY ESTUARY - COASTAL MARINE LABORATORY,"GRBCML - Phosphorus, Orthophosphate As P - mg/l",2016
10/6/16 9:16,0.021,"Phosphorus, Orthophosphate As P",mg/l,GRBCML,GREAT BAY ESTUARY - COASTAL MARINE LABORATORY,"GRBCML - Phosphorus, Orthophosphate As P - mg/l",2016
11/8/16 11:02,0.027,"Phosphorus, Orthophosphate As P",mg/l,GRBCML,GREAT BAY ESTUARY - COASTAL MARINE LABORATORY,"GRBCML - Phosphorus, Orthophosphate As P - mg/l",2016
11/8/16 14:42,0.022,"Phosphorus, Orthophosphate As P",mg/l,GRBCML,GREAT BAY ESTUARY - COASTAL MARINE LABORATORY,"GRBCML - Phosphorus, Orthophosphate As P - mg/l",2016
12/13/16 9:41,0.018,"Phosphorus, Orthophosphate As P",mg/l,GRBCML,GREAT BAY ESTUARY - COASTAL MARINE LABORATORY,"GRBCML - Phosphorus, Orthophosphate As P - mg/l",2016
12/13/16 14:30,0.025,"Phosphorus, Orthophosphate As P",mg/l,GRBCML,GREAT BAY ESTUARY - COASTAL MARINE LABORATORY,"GRBCML - Phosphorus, Orthophosphate As P - mg/l",2016
4/19/17 11:20,0.00854,"Phosphorus, Orthophosphate As P",mg/l,GRBCML,GREAT BAY ESTUARY - COASTAL MARINE LABORATORY,"GRBCML - Phosphorus, Orthophosphate As P - mg/l",2017
4/19/17 15:25,0.00667,"Phosphorus, Orthophosphate As P",mg/l,GRBCML,GREAT BAY ESTUARY - COASTAL MARINE LABORATORY,"GRBCML - Phosphorus, Orthophosphate As P - mg/l",2017
5/9/17 11:24,0.01197,"Phosphorus, Orthophosphate As P",mg/l,GRBCML,GREAT BAY ESTUARY - COASTAL MARINE LABORATORY,"GRBCML - Phosphorus, Orthophosphate As P - mg/l",2017
5/9/17 15:20,0.01409,"Phosphorus, Orthophosphate As P",mg/l,GRBCML,GREAT BAY ESTUARY - COASTAL MARINE LABORATORY,"GRBCML - Phosphorus, Orthophosphate As P - mg/l",2017
6/1/17 11:30,0.01386,"Phosphorus, Orthophosphate As P",mg/l,GRBCML,GREAT BAY ESTUARY - COASTAL MARINE LABORATORY,"GRBCML - Phosphorus, Orthophosphate As P - mg/l",2017
6/1/17 11:31,0.01359,"Phosphorus, Orthophosphate As P",mg/l,GRBCML,GREAT BAY ESTUARY - COASTAL MARINE LABORATORY,"GRBCML - Phosphorus, Orthophosphate As P - mg/l",2017
6/1/17 11:32,0.01315,"Phosphorus, Orthophosphate As P",mg/l,GRBCML,GREAT BAY ESTUARY - COASTAL MARINE LABORATORY,"GRBCML - Phosphorus, Orthophosphate As P - mg/l",2017
6/1/17 15:50,0.01293,"Phosphorus, Orthophosphate As P",mg/l,GRBCML,GREAT BAY ESTUARY - COASTAL MARINE LABORATORY,"GRBCML - Phosphorus, Orthophosphate As P - mg/l",2017
8/3/17 9:00,0.01499,"Phosphorus, Orthophosphate As P",mg/l,GRBCML,GREAT BAY ESTUARY - COASTAL MARINE LABORATORY,"GRBCML - Phosphorus, Orthophosphate As P - mg/l",2017
8/3/17 13:35,0.01317,"Phosphorus, Orthophosphate As P",mg/l,GRBCML,GREAT BAY ESTUARY - COASTAL MARINE LABORATORY,"GRBCML - Phosphorus, Orthophosphate As P - mg/l",2017
8/3/17 13:36,0.01341,"Phosphorus, Orthophosphate As P",mg/l,GRBCML,GREAT BAY ESTUARY - COASTAL MARINE LABORATORY,"GRBCML - Phosphorus, Orthophosphate As P - mg/l",2017
8/3/17 13:37,0.01447,"Phosphorus, Orthophosphate As P",mg/l,GRBCML,GREAT BAY ESTUARY - COASTAL MARINE LABORATORY,"GRBCML - Phosphorus, Orthophosphate As P - mg/l",2017
9/7/17 11:52,0.01878,"Phosphorus, Orthophosphate As P",mg/l,GRBCML,GREAT BAY ESTUARY - COASTAL MARINE LABORATORY,"GRBCML - Phosphorus, Orthophosphate As P - mg/l",2017
9/7/17 16:00,0.01731,"Phosphorus, Orthophosphate As P",mg/l,GRBCML,GREAT BAY ESTUARY - COASTAL MARINE LABORATORY,"GRBCML - Phosphorus, Orthophosphate As P - mg/l",2017
9/7/17 16:01,0.0178,"Phosphorus, Orthophosphate As P",mg/l,GRBCML,GREAT BAY ESTUARY - COASTAL MARINE LABORATORY,"GRBCML - Phosphorus, Orthophosphate As P - mg/l",2017
9/7/17 16:02,0.01766,"Phosphorus, Orthophosphate As P",mg/l,GRBCML,GREAT BAY ESTUARY - COASTAL MARINE LABORATORY,"GRBCML - Phosphorus, Orthophosphate As P - mg/l",2017
10/17/17 9:48,0.02481,"Phosphorus, Orthophosphate As P",mg/l,GRBCML,GREAT BAY ESTUARY - COASTAL MARINE LABORATORY,"GRBCML - Phosphorus, Orthophosphate As P - mg/l",2017
10/17/17 15:20,0.02568,"Phosphorus, Orthophosphate As P",mg/l,GRBCML,GREAT BAY ESTUARY - COASTAL MARINE LABORATORY,"GRBCML - Phosphorus, Orthophosphate As P - mg/l",2017
11/20/17 11:30,0.01991,"Phosphorus, Orthophosphate As P",mg/l,GRBCML,GREAT BAY ESTUARY - COASTAL MARINE LABORATORY,"GRBCML - Phosphorus, Orthophosphate As P - mg/l",2017
11/20/17 15:44,0.02079,"Phosphorus, Orthophosphate As P",mg/l,GRBCML,GREAT BAY ESTUARY - COASTAL MARINE LABORATORY,"GRBCML - Phosphorus, Orthophosphate As P - mg/l",2017
12/4/17 10:41,0.03157,"Phosphorus, Orthophosphate As P",mg/l,GRBCML,GREAT BAY ESTUARY - COASTAL MARINE LABORATORY,"GRBCML - Phosphorus, Orthophosphate As P - mg/l",2017
12/4/17 15:26,0.03103,"Phosphorus, Orthophosphate As P",mg/l,GRBCML,GREAT BAY ESTUARY - COASTAL MARINE LABORATORY,"GRBCML - Phosphorus, Orthophosphate As P - mg/l",2017
12/4/17 15:27,0.03075,"Phosphorus, Orthophosphate As P",mg/l,GRBCML,GREAT BAY ESTUARY - COASTAL MARINE LABORATORY,"GRBCML - Phosphorus, Orthophosphate As P - mg/l",2017
12/4/17 15:28,0.02904,"Phosphorus, Orthophosphate As P",mg/l,GRBCML,GREAT BAY ESTUARY - COASTAL MARINE LABORATORY,"GRBCML - Phosphorus, Orthophosphate As P - mg/l",2017